ÀÌ¸§,ÆÀ,WAR,ÃâÀå_x,¿ÏÅõ,¿ÏºÀ,¼±¹ß,½Â,ÆÐ,¼¼ÀÌºê,È¦µå,ÀÌ´×_x,½ÇÁ¡,ÀÚÃ¥,Å¸ÀÚ,¾ÈÅ¸,2·çÅ¸,3·çÅ¸,È¨·±,º¼³Ý,°íÀÇ»ç±¸,»ç±¸,»ïÁø,º¸Å©,ÆøÅõ,ERA_x,FIP,WHIP_x,ERA+,FIP+,WAR_dup,WPA,ÃâÀå_y,ÀÌ´×_y,ERA_y,K/9,BB/9,K/BB,HR/9,K%,BB%,K-BB%,PFR,BABIP,LOB%,Å¸À²,Ãâ·çÀ²,ÀåÅ¸À²,OPS,WHIP_y,WHIP+,Åõ±¸,IP/G,P/G,P/IP,P/PA,CYP,Á÷±¸±¸¼Ó_dup,ÃâÀå,ÀÌ´×,Á÷±¸±¸¼Ó,½½¶ó±¸¼Ó,Ä¿ºê±¸¼Ó,Ã¾Á²±¸¼Ó,½ºÇÃ±¸¼Ó,½ÌÄ¿±¸¼Ó,³ÊÅ¬±¸¼Ó,±âÅ¸±¸¼Ó,Á÷±¸±¸»çÀ²,½½¶ó±¸»çÀ²,Ä¿ºê±¸»çÀ²,Ã¾Á²±¸»çÀ²,½ºÇÃ±¸»çÀ²,½ÌÄ¿±¸»çÀ²,³ÊÅ¬±¸»çÀ²,±âÅ¸±¸»çÀ²,½ºÀ®IZ,½ºÀ®OZ,½ºÀ®All,ÄÁÅÃIZ,ÄÁÅÃOZ,ÄÁÅÃAll,Zone%
¾ËÄ­Å¸¶ó,20µÎ,8.31,31,1,0,31,20,2,0,0,198.2,58,56,795,174,38,3,12,30,0,9,182,1,3,2.54,3.10,1.03,182.6,149.7,8.31,4.35,31,198.2,2.54,8.25,1.36,6.07,0.54,22.9,3.8,19.1,1.07,.289,79.0,.232,.269,.339,.607,1.03,1.07,3144,6.4,101.4,15.8,3.96,81.5,151.6,31,198.2,151.6,138.6,127.5,137.8,137.0,150.5,-1,-1,51.1,22.0,1.8,1.4,14.4,9.3,0.0,0.0,67.9,31.8,49.7,85.2,65.4,78.8,49.7
¾çÇöÁ¾,15K,8.14,32,1,1,31,15,6,0,1,184.1,52,50,756,150,27,2,18,78,0,7,157,0,6,2.44,4.57,1.24,202.1,108.5,8.14,3.94,32,184.1,2.44,7.67,3.81,2.01,0.88,20.8,10.3,10.4,1.28,.277,87.2,.232,.319,.364,.683,1.24,1.28,3040,5.8,95.0,16.5,4.02,72.9,141.0,32,184.1,141.0,125.5,116.4,123.6,-1,-1,-1,-1,54.2,20.7,8.5,12.8,0.0,2.1,0.0,1.7,65.7,27.3,45.5,86.4,62.5,78.8,47.3
¾È¿ìÁø,22Å°,7.92,30,1,0,30,15,8,0,0,196.0,51,46,766,131,36,4,4,55,1,4,224,1,7,2.11,2.21,0.95,189.3,179.1,7.92,5.65,30,196.0,2.11,10.29,2.53,4.07,0.18,29.2,7.2,22.1,1.42,.268,75.4,.188,.250,.268,.518,0.95,0.97,3003,6.5,100.1,15.3,3.92,89.4,153.4,30,196.0,153.4,142.2,128.7,134.0,139.0,-1,-1,-1,43.3,29.6,16.2,10.8,0.1,0.0,0.0,0.0,68.4,36.8,50.0,83.0,54.1,70.5,41.5
½ºÆ®·¹ÀÏ¸®,20·Ô,7.53,31,0,0,31,15,4,0,0,194.2,61,54,777,148,27,2,10,51,0,7,205,0,4,2.50,3.01,1.02,195.1,159.0,7.53,3.84,31,194.2,2.50,9.48,2.36,4.02,0.46,26.4,6.6,19.8,1.32,.277,75.5,.209,.267,.295,.562,1.02,1.06,3157,6.3,101.8,16.2,4.06,78.8,144.7,31,194.2,144.7,135.1,120.7,135.4,-1,143.9,-1,-1,41.6,36.4,5.0,12.7,0.0,4.3,0.0,0.0,66.8,36.1,49.8,83.2,59.8,73.8,44.8
¾çÇöÁ¾,19K,7.35,29,2,2,29,16,8,0,0,184.2,56,47,731,165,32,1,6,33,0,2,163,0,1,2.29,2.63,1.07,183.1,160.3,7.35,3.81,29,184.2,2.29,7.94,1.61,4.94,0.29,22.3,4.5,17.8,1.06,.303,75.2,.241,.275,.317,.592,1.07,1.08,2699,6.4,93.1,14.6,3.69,77.6,142.9,29,184.2,142.9,130.0,117.2,129.1,-1,-1,-1,-1,60.0,18.2,1.8,20.1,0.0,0.0,0.0,0.0,69.4,34.0,49.5,88.0,61.6,77.8,43.8
ºê·è½º,20K,7.16,23,1,1,23,11,4,0,0,151.1,43,42,586,131,18,0,4,24,0,3,130,1,3,2.50,2.72,1.02,192.2,177.8,7.16,3.39,23,151.1,2.50,7.73,1.43,5.42,0.24,22.2,4.1,18.1,1.02,.302,75.5,.238,.272,.292,.564,1.02,1.04,2218,6.6,96.4,14.7,3.79,57.7,149.8,23,151.1,149.8,138.9,128.6,136.2,-1,148.5,-1,-1,16.1,26.3,6.2,19.0,0.0,32.4,0.0,0.0,66.9,37.6,50.8,87.5,58.2,75.6,45.2
ºê·è½º,20K,7.16,23,1,1,23,11,4,0,0,151.1,43,42,586,131,18,0,4,24,0,3,130,1,3,2.50,2.72,1.02,192.2,177.8,7.16,3.39,23,151.1,2.50,7.73,1.43,5.42,0.24,22.2,4.1,18.1,1.02,.302,75.5,.238,.272,.292,.564,1.02,1.04,2218,6.6,96.4,14.7,3.79,57.7,149.8,23,151.1,149.8,138.9,128.6,136.2,-1,148.5,-1,-1,16.1,26.3,6.2,19.0,0.0,32.4,0.0,0.0,66.9,37.6,50.8,87.5,58.2,75.6,45.2
¹Ì¶õ´Ù,21µÎ,7.09,28,1,1,28,14,5,0,0,173.2,49,45,709,135,21,1,11,63,0,1,225,1,7,2.33,2.67,1.14,185.0,161.1,7.09,3.27,28,173.2,2.33,11.66,3.27,3.57,0.57,31.7,8.9,22.8,1.66,.305,81.7,.212,.282,.299,.581,1.14,1.15,2918,6.2,104.2,16.8,4.12,78.3,146.4,28,173.2,146.4,130.7,122.0,130.7,129.7,-1,-1,-1,60.7,8.6,0.0,3.5,27.1,0.0,0.0,0.0,62.3,30.2,45.0,81.8,52.6,71.3,46.3
¹êÇìÄË,14³Ø,6.92,31,0,0,31,20,6,0,0,187.0,81,73,788,193,33,5,9,53,0,3,178,2,6,3.51,3.48,1.32,150.1,152.1,6.92,1.24,31,187.0,3.51,8.57,2.55,3.36,0.43,22.6,6.7,15.9,1.24,.344,71.1,.270,.320,.367,.687,1.32,1.33,3266,6.0,105.4,17.5,4.15,58.3,140.9,31,187.0,140.9,129.6,117.2,128.8,127.2,132.0,-1,123.8,52.3,5.2,8.5,2.8,30.3,0.0,0.0,0.8,61.8,28.8,45.4,86.4,61.0,78.4,50.3
¸°µåºí·³,19µÎ,6.86,30,0,0,30,20,3,0,0,194.2,57,54,773,165,22,3,13,29,0,6,189,0,7,2.50,2.87,1.00,164.4,141.5,6.86,4.44,30,194.2,2.50,8.74,1.34,6.52,0.60,24.5,3.8,20.7,1.12,.284,78.7,.226,.259,.318,.577,1.00,1.03,2982,6.5,99.4,15.3,3.86,82.2,145.4,30,194.2,145.4,137.7,117.8,132.6,133.5,144.1,-1,-1,32.6,33.4,7.8,4.1,13.2,8.9,0.0,0.0,66.4,35.1,48.8,84.1,64.6,76.2,43.9
¸°µåºí·³,18µÎ,6.81,26,0,0,26,15,4,0,0,168.2,56,54,681,142,33,2,16,38,0,8,157,0,10,2.88,4.02,1.07,175.4,125.2,6.81,2.06,26,168.2,2.88,8.38,2.03,4.13,0.85,23.1,5.6,17.5,1.16,.276,79.7,.226,.278,.362,.640,1.07,1.12,2605,6.5,100.2,15.4,3.83,61.0,146.1,26,168.2,146.1,137.9,116.4,132.6,132.9,143.5,-1,-1,32.7,26.9,11.2,5.0,9.2,15.0,0.0,0.0,68.3,32.6,48.3,84.5,68.3,78.4,44.0
ÇíÅÍ,16K,6.64,31,3,1,31,15,5,0,0,206.2,88,78,868,211,34,3,7,51,0,6,139,0,7,3.40,3.72,1.27,152.5,140.6,6.64,1.87,31,206.2,3.40,6.05,2.22,2.73,0.31,16.0,5.9,10.1,0.92,.313,69.7,.268,.314,.346,.660,1.27,1.30,3334,6.7,107.6,16.1,3.84,54.2,145.1,31,206.2,145.1,136.9,121.4,134.0,134.0,143.9,-1,135.0,39.8,20.8,7.4,14.3,0.1,17.2,0.0,0.4,67.4,27.4,49.1,86.6,65.4,81.2,54.2
ÇíÅÍ,16K,6.64,31,3,1,31,15,5,0,0,206.2,88,78,868,211,34,3,7,51,0,6,139,0,7,3.40,3.72,1.27,152.5,140.6,6.64,1.87,31,206.2,3.40,6.05,2.22,2.73,0.31,16.0,5.9,10.1,0.92,.313,69.7,.268,.314,.346,.660,1.27,1.30,3334,6.7,107.6,16.1,3.84,54.2,145.1,31,206.2,145.1,136.9,121.4,134.0,134.0,143.9,-1,135.0,39.8,20.8,7.4,14.3,0.1,17.2,0.0,0.4,67.4,27.4,49.1,86.6,65.4,81.2,54.2
ÇíÅÍ,16K,6.64,31,3,1,31,15,5,0,0,206.2,88,78,868,211,34,3,7,51,0,6,139,0,7,3.40,3.72,1.27,152.5,140.6,6.64,1.87,31,206.2,3.40,6.05,2.22,2.73,0.31,16.0,5.9,10.1,0.92,.313,69.7,.268,.314,.346,.660,1.27,1.30,3334,6.7,107.6,16.1,3.84,54.2,145.1,31,206.2,145.1,136.9,121.4,134.0,134.0,143.9,-1,135.0,39.8,20.8,7.4,14.3,0.1,17.2,0.0,0.4,67.4,27.4,49.1,86.6,65.4,81.2,54.2
ÇíÅÍ,16K,6.64,31,3,1,31,15,5,0,0,206.2,88,78,868,211,34,3,7,51,0,6,139,0,7,3.40,3.72,1.27,152.5,140.6,6.64,1.87,31,206.2,3.40,6.05,2.22,2.73,0.31,16.0,5.9,10.1,0.92,.313,69.7,.268,.314,.346,.660,1.27,1.30,3334,6.7,107.6,16.1,3.84,54.2,145.1,31,206.2,145.1,136.9,121.4,134.0,134.0,143.9,-1,135.0,39.8,20.8,7.4,14.3,0.1,17.2,0.0,0.4,67.4,27.4,49.1,86.6,65.4,81.2,54.2
¸°µåºí·³,15·Ô,6.48,32,2,1,32,13,11,0,0,210.0,86,83,861,196,32,3,28,52,0,12,180,0,12,3.56,4.55,1.18,141.7,108.6,6.48,1.95,32,210.0,3.56,7.71,2.23,3.46,1.20,20.9,6.0,14.9,1.11,.290,78.8,.250,.306,.406,.711,1.18,1.24,3329,6.6,104.0,15.9,3.87,53.0,146.6,32,210.0,146.6,132.6,114.7,132.6,133.5,145.2,-1,123.0,49.1,23.2,10.4,5.3,2.5,6.8,0.0,2.6,69.5,27.5,49.1,85.8,59.6,78.6,51.4
±è±¤Çö,19S,6.39,31,0,0,30,17,6,0,0,190.1,64,53,786,198,17,0,13,38,1,2,180,0,8,2.51,3.01,1.24,169.8,142.2,6.39,3.28,31,190.1,2.51,8.51,1.80,4.74,0.62,22.9,4.8,18.1,1.15,.338,79.2,.270,.305,.346,.651,1.24,1.25,2908,6.1,93.8,15.3,3.70,77.2,147.1,31,190.1,147.1,136.7,112.5,-1,127.8,-1,-1,-1,39.1,37.0,9.5,0.0,14.5,0.0,0.0,0.0,70.6,33.8,50.7,81.3,58.8,73.2,45.9
Àª½¼,18L,6.31,26,1,1,26,9,4,0,0,170.0,63,58,689,158,23,3,11,35,1,6,149,1,10,3.07,3.63,1.14,164.3,139.4,6.31,2.72,26,170.0,3.07,7.89,1.85,4.26,0.58,21.6,5.1,16.5,1.08,.305,74.1,.247,.291,.344,.636,1.14,1.17,2632,6.5,101.2,15.5,3.82,50.9,145.7,26,170.0,145.7,134.5,128.3,129.8,-1,144.0,-1,-1,27.0,28.1,13.1,4.2,0.0,27.6,0.0,0.0,63.2,39.4,50.3,87.5,68.1,79.2,45.7
Àª½¼,18L,6.31,26,1,1,26,9,4,0,0,170.0,63,58,689,158,23,3,11,35,1,6,149,1,10,3.07,3.63,1.14,164.3,139.4,6.31,2.72,26,170.0,3.07,7.89,1.85,4.26,0.58,21.6,5.1,16.5,1.08,.305,74.1,.247,.291,.344,.636,1.14,1.17,2632,6.5,101.2,15.5,3.82,50.9,145.7,26,170.0,145.7,134.5,128.3,129.8,-1,144.0,-1,-1,27.0,28.1,13.1,4.2,0.0,27.6,0.0,0.0,63.2,39.4,50.3,87.5,68.1,79.2,45.7
±è±¤Çö,22S,6.10,28,0,0,28,13,3,0,0,173.1,48,41,694,141,16,2,10,45,2,5,153,0,1,2.13,3.15,1.07,195.5,132.7,6.10,3.63,28,173.1,2.13,7.94,2.34,3.40,0.52,22.0,6.5,15.6,1.14,.276,80.8,.222,.278,.300,.578,1.07,1.10,2634,6.2,94.1,15.2,3.80,74.0,145.4,28,173.1,145.4,134.9,115.0,131.5,129.8,141.3,-1,-1,27.1,39.6,12.9,1.8,18.4,0.2,0.0,0.0,63.5,34.4,47.0,82.1,62.2,73.8,43.3
¹êµ§ÇæÅ©,14»ï,6.00,25,1,0,25,13,4,0,0,152.2,54,54,622,125,30,1,15,45,0,5,180,0,4,3.18,3.76,1.11,166.1,139.7,6.00,1.90,25,152.2,3.18,10.61,2.65,4.00,0.88,28.9,7.2,21.7,1.47,.297,78.6,.222,.285,.359,.643,1.11,1.15,2598,6.1,103.9,17.0,4.18,53.3,150.1,25,152.2,150.1,136.9,119.1,139.3,136.5,145.5,-1,138.0,67.3,22.7,8.0,0.8,0.8,0.1,0.0,0.2,66.4,30.5,49.2,81.7,60.8,75.5,52.2
´ÏÆÛÆ®,16µÎ,5.97,28,1,1,27,22,3,0,0,167.2,61,55,701,151,19,3,15,57,0,9,142,0,8,2.95,4.44,1.24,173.1,113.2,5.97,2.69,28,167.2,2.95,7.62,3.06,2.49,0.81,20.3,8.1,12.1,1.19,.289,79.6,.243,.313,.355,.668,1.24,1.29,2737,6.0,97.8,16.3,3.90,65.0,147.1,28,167.2,147.1,131.4,120.7,132.3,131.8,146.4,-1,-1,60.2,20.1,4.1,13.7,0.6,1.2,0.0,0.1,66.8,30.7,47.6,85.0,58.6,76.0,46.8
ÄÌ¸®,16S,5.95,31,0,0,31,9,8,0,0,200.1,91,82,846,205,35,3,15,60,0,7,152,2,8,3.68,4.25,1.32,141.7,122.9,5.95,1.32,31,200.1,3.68,6.83,2.70,2.53,0.67,18.0,7.1,10.9,1.06,.316,72.1,.268,.326,.380,.706,1.32,1.36,3090,6.5,99.7,15.4,3.65,42.4,146.1,31,200.1,146.1,138.7,127.5,133.8,136.0,142.9,-1,129.5,43.3,19.2,7.0,15.6,0.1,14.5,0.0,0.4,70.4,29.8,50.1,85.0,60.8,77.8,49.9
ÄÌ¸®,16S,5.95,31,0,0,31,9,8,0,0,200.1,91,82,846,205,35,3,15,60,0,7,152,2,8,3.68,4.25,1.32,141.7,122.9,5.95,1.32,31,200.1,3.68,6.83,2.70,2.53,0.67,18.0,7.1,10.9,1.06,.316,72.1,.268,.326,.380,.706,1.32,1.36,3090,6.5,99.7,15.4,3.65,42.4,146.1,31,200.1,146.1,138.7,127.5,133.8,136.0,142.9,-1,129.5,43.3,19.2,7.0,15.6,0.1,14.5,0.0,0.4,70.4,29.8,50.1,85.0,60.8,77.8,49.9
»êÃ¼½º,19S,5.93,28,0,0,28,17,5,0,0,165.0,51,48,671,151,18,2,2,42,0,2,148,2,11,2.62,2.57,1.17,162.5,163.8,5.93,3.64,28,165.0,2.62,8.07,2.29,3.52,0.11,22.1,6.3,15.8,1.15,.314,74.9,.244,.292,.290,.581,1.17,1.18,2538,5.9,90.6,15.4,3.78,66.3,151.1,28,165.0,151.1,143.3,134.1,139.7,139.9,144.3,-1,-1,48.5,12.2,20.7,1.1,17.3,0.1,0.0,0.0,66.6,32.9,48.6,84.1,58.6,74.9,46.5
ÇíÅÍ,17K,5.80,30,1,0,30,20,5,0,0,201.2,83,78,854,221,36,4,21,45,1,5,149,0,7,3.48,4.34,1.32,142.7,115.0,5.80,1.34,30,201.2,3.48,6.65,2.01,3.31,0.94,17.4,5.3,12.2,0.96,.318,77.8,.279,.319,.414,.733,1.32,1.34,3161,6.7,105.4,15.7,3.70,57.7,145.4,30,201.2,145.4,137.7,120.9,133.7,132.0,141.4,-1,125.0,47.0,19.7,12.3,19.0,0.0,1.7,0.0,0.1,69.0,32.3,49.2,87.6,68.8,81.0,46.0
ºê¸®°Ë,18³Ø,5.78,31,2,1,30,11,7,0,1,199.0,89,85,829,188,28,3,19,50,0,19,175,0,4,3.84,4.36,1.20,134.1,117.4,5.78,0.20,31,199.0,3.84,7.92,2.26,3.50,0.86,21.1,6.0,15.1,1.13,.301,72.9,.249,.312,.370,.682,1.20,1.29,3089,6.4,99.7,15.5,3.73,43.0,145.9,31,199.0,145.9,134.6,123.6,133.3,134.3,143.6,-1,-1,14.8,29.3,11.9,3.1,0.1,40.8,0.0,0.0,67.4,35.4,48.9,87.7,59.7,76.0,42.2
ºê¸®°Ë,18³Ø,5.78,31,2,1,30,11,7,0,1,199.0,89,85,829,188,28,3,19,50,0,19,175,0,4,3.84,4.36,1.20,134.1,117.4,5.78,0.20,31,199.0,3.84,7.92,2.26,3.50,0.86,21.1,6.0,15.1,1.13,.301,72.9,.249,.312,.370,.682,1.20,1.29,3089,6.4,99.7,15.5,3.73,43.0,145.9,31,199.0,145.9,134.6,123.6,133.3,134.3,143.6,-1,-1,14.8,29.3,11.9,3.1,0.1,40.8,0.0,0.0,67.4,35.4,48.9,87.7,59.7,76.0,42.2
¾çÇöÁ¾,16K,5.69,31,3,0,31,10,12,0,0,200.1,96,82,850,191,31,2,19,77,0,2,146,2,6,3.68,4.75,1.34,140.6,109.9,5.69,0.23,31,200.1,3.68,6.56,3.46,1.90,0.85,17.2,9.1,8.1,1.11,.292,71.5,.255,.324,.377,.701,1.34,1.35,3207,6.5,103.5,16.0,3.77,42.8,143.0,31,200.1,143.0,127.7,116.0,126.8,-1,-1,-1,-1,58.2,21.5,4.2,15.9,0.0,0.0,0.0,0.3,63.8,27.7,47.2,86.9,58.6,79.2,54.0
¾çÇöÁ¾,16K,5.69,31,3,0,31,10,12,0,0,200.1,96,82,850,191,31,2,19,77,0,2,146,2,6,3.68,4.75,1.34,140.6,109.9,5.69,0.23,31,200.1,3.68,6.56,3.46,1.90,0.85,17.2,9.1,8.1,1.11,.292,71.5,.255,.324,.377,.701,1.34,1.35,3207,6.5,103.5,16.0,3.77,42.8,143.0,31,200.1,143.0,127.7,116.0,126.8,-1,-1,-1,-1,58.2,21.5,4.2,15.9,0.0,0.0,0.0,0.3,63.8,27.7,47.2,86.9,58.6,79.2,54.0
¿äÅ°½Ã,22Å°,5.68,30,0,0,30,10,8,0,0,185.1,61,53,746,169,31,3,8,33,0,5,154,0,2,2.57,2.85,1.09,155.4,138.8,5.68,3.57,30,185.1,2.57,7.48,1.60,4.67,0.39,20.6,4.4,16.2,1.01,.302,74.6,.244,.282,.331,.613,1.09,1.12,2912,6.2,97.1,15.7,3.90,65.1,146.0,30,185.1,146.0,136.0,125.4,132.9,-1,143.3,-1,-1,0.0,5.3,24.9,16.8,0.0,53.0,0.0,0.0,61.6,32.5,45.0,87.6,66.4,78.9,43.0
Àå¿øÁØ,16µÎ,5.67,27,0,0,27,15,6,0,0,168.0,66,62,727,161,23,6,14,76,0,9,137,0,8,3.32,4.76,1.41,153.9,105.9,5.67,1.29,27,168.0,3.32,7.34,4.07,1.80,0.75,18.8,10.5,8.4,1.27,.304,79.5,.255,.342,.377,.719,1.41,1.46,2914,6.2,107.9,17.4,4.01,50.7,141.9,27,168.0,141.9,133.9,119.4,131.7,134.0,137.2,-1,-1,46.3,28.1,11.2,13.6,0.1,0.2,0.0,0.5,61.8,27.7,43.6,87.4,59.4,77.9,46.6
Àå¿øÁØ,16µÎ,5.67,27,0,0,27,15,6,0,0,168.0,66,62,727,161,23,6,14,76,0,9,137,0,8,3.32,4.76,1.41,153.9,105.9,5.67,1.29,27,168.0,3.32,7.34,4.07,1.80,0.75,18.8,10.5,8.4,1.27,.304,79.5,.255,.342,.377,.719,1.41,1.46,2914,6.2,107.9,17.4,4.01,50.7,141.9,27,168.0,141.9,133.9,119.4,131.7,134.0,137.2,-1,-1,46.3,28.1,11.2,13.6,0.1,0.2,0.0,0.5,61.8,27.7,43.6,87.4,59.4,77.9,46.6
ÇØÄ¿,15N,5.64,31,1,0,31,19,5,0,0,204.0,81,71,833,174,34,0,14,36,1,25,164,0,6,3.13,3.78,1.03,152.9,129.0,5.64,3.14,31,204.0,3.13,7.24,1.59,4.56,0.62,19.7,4.3,15.4,0.98,.276,71.5,.232,.287,.333,.621,1.03,1.15,3074,6.6,99.2,15.1,3.69,66.4,141.7,31,204.0,141.7,132.3,118.7,128.6,128.4,139.6,-1,132.5,34.5,35.1,20.2,0.8,1.9,4.6,0.0,2.9,63.8,32.4,48.8,86.9,57.1,77.5,52.3
·çÄ£½ºÅ°,20N,5.59,30,0,0,30,19,5,0,0,183.0,67,62,770,173,12,3,14,57,0,11,167,0,11,3.05,3.84,1.26,160.2,125.8,5.59,3.04,30,183.0,3.05,8.21,2.80,2.93,0.69,21.7,7.4,14.3,1.22,.311,78.6,.250,.317,.337,.654,1.26,1.32,3001,6.1,100.0,16.4,3.90,65.2,146.5,30,183.0,146.5,137.9,128.4,133.0,135.2,145.7,-1,-1,23.4,29.0,12.4,0.1,5.7,29.4,0.0,0.0,70.6,31.8,49.5,86.3,56.3,75.7,45.4
·çÄ£½ºÅ°,20N,5.59,30,0,0,30,19,5,0,0,183.0,67,62,770,173,12,3,14,57,0,11,167,0,11,3.05,3.84,1.26,160.2,125.8,5.59,3.04,30,183.0,3.05,8.21,2.80,2.93,0.69,21.7,7.4,14.3,1.22,.311,78.6,.250,.317,.337,.654,1.26,1.32,3001,6.1,100.0,16.4,3.90,65.2,146.5,30,183.0,146.5,137.9,128.4,133.0,135.2,145.7,-1,-1,23.4,29.0,12.4,0.1,5.7,29.4,0.0,0.0,70.6,31.8,49.5,86.3,56.3,75.7,45.4
¿äÅ°½Ã,20Å°,5.53,27,0,0,27,12,7,0,0,159.2,53,38,640,144,26,3,6,25,0,6,115,1,3,2.14,3.19,1.06,220.3,147.3,5.53,3.20,27,159.2,2.14,6.48,1.41,4.60,0.34,18.0,3.9,14.1,0.88,.284,73.2,.237,.274,.320,.594,1.06,1.10,2417,5.9,89.5,15.1,3.78,65.3,144.7,27,159.2,144.7,135.8,126.8,131.9,-1,143.0,-1,-1,3.7,11.9,21.9,21.3,0.0,41.2,0.0,0.0,64.6,33.1,48.4,87.4,68.1,80.6,48.7
Àå¿øÁØ,17µÎ,5.41,29,1,1,29,14,9,0,0,180.1,70,63,760,172,26,2,12,51,2,14,125,0,3,3.14,4.26,1.24,153.1,114.0,5.41,1.41,29,180.1,3.14,6.24,2.55,2.45,0.60,16.4,6.7,9.7,0.98,.293,75.8,.253,.316,.351,.667,1.24,1.31,3006,6.2,103.7,16.7,3.96,53.7,141.6,29,180.1,141.6,134.0,119.4,130.2,-1,-1,-1,98.0,42.1,25.9,10.9,21.0,0.0,0.0,0.0,0.1,68.2,28.7,44.9,89.2,67.1,80.8,41.0
¼ö¾Æ·¹Áî,22»ï,5.28,30,0,0,29,6,8,0,0,173.2,61,48,714,151,19,0,7,50,0,4,159,0,6,2.49,2.96,1.16,167.8,138.0,5.28,2.70,30,173.2,2.49,8.24,2.59,3.18,0.36,22.3,7.0,15.3,1.20,.296,73.8,.232,.290,.293,.583,1.16,1.18,2959,5.8,98.6,17.0,4.14,60.7,151.5,30,173.2,151.5,136.4,127.4,135.2,-1,150.2,-1,-1,31.0,20.6,7.8,21.3,0.0,19.3,0.0,0.0,69.6,33.5,48.3,80.8,60.4,72.4,40.9
¹éÁ¤Çö,21»ï,5.28,27,0,0,27,14,5,0,0,157.2,54,46,648,142,25,1,15,54,2,2,109,0,5,2.63,4.21,1.24,171.9,107.3,5.28,1.78,27,157.2,2.63,6.22,3.08,2.02,0.86,16.8,8.3,8.5,1.03,.274,81.4,.244,.308,.367,.675,1.24,1.26,2503,5.8,92.7,15.9,3.86,57.7,136.6,27,157.2,136.6,127.3,114.7,129.1,-1,133.6,-1,-1,44.1,24.2,5.8,18.3,0.0,7.6,0.0,0.0,59.8,32.7,44.4,89.5,76.8,84.2,43.1
ÇÇ¾î¹êµå,17k,5.26,26,1,1,26,8,10,0,0,160.0,67,54,657,153,19,4,20,31,0,7,132,0,4,3.04,4.42,1.15,166.9,112.8,5.26,1.00,26,160.0,3.04,7.43,1.74,4.26,1.13,20.1,4.7,15.4,1.02,.289,76.1,.251,.294,.393,.687,1.15,1.19,2469,6.2,95.0,15.4,3.76,47.2,140.7,26,160.0,140.7,128.9,116.1,126.1,-1,137.3,120.0,-1,46.3,2.8,3.9,25.8,0.0,0.2,20.9,0.0,68.0,29.5,49.0,86.2,71.0,81.7,50.6
°í¿µÇ¥,21K,5.23,26,1,1,25,11,6,0,1,166.2,59,54,664,147,20,2,9,27,1,14,130,0,1,2.92,3.19,1.04,154.0,139.2,5.23,2.27,26,166.2,2.92,7.02,1.46,4.82,0.49,19.6,4.1,15.5,0.94,.286,73.5,.238,.284,.321,.605,1.04,1.13,2411,6.4,92.7,14.5,3.63,53.3,137.2,26,166.2,137.2,128.8,115.0,118.6,-1,137.6,-1,-1,28.7,6.5,13.3,40.5,0.0,10.9,0.0,0.0,63.1,37.3,49.4,86.0,59.8,75.5,46.8
¾çÇöÁ¾,18K,5.21,29,3,0,29,13,11,0,0,184.1,88,85,772,199,33,0,21,43,1,2,152,0,5,4.15,4.38,1.31,123.7,117.9,5.21,-1.06,29,184.1,4.15,7.42,2.10,3.54,1.03,19.7,5.6,14.1,1.06,.327,72.7,.278,.320,.413,.732,1.31,1.32,2883,6.4,99.4,15.6,3.73,35.4,143.9,29,184.1,143.9,128.8,119.1,129.1,-1,139.6,-1,120.0,57.0,16.9,3.5,21.5,0.0,1.0,0.0,0.0,71.3,36.0,52.4,85.5,59.6,76.0,46.5
±è±¤Çö,14S,5.20,28,1,0,28,13,9,0,0,173.2,77,66,749,178,36,4,10,81,1,3,145,1,9,3.42,4.37,1.49,149.2,118.8,5.20,0.94,28,173.2,3.42,7.51,4.20,1.79,0.52,19.4,10.8,8.5,1.30,.337,74.6,.274,.356,.388,.743,1.49,1.51,3009,6.2,107.5,17.3,4.02,48.3,145.6,28,173.2,145.6,133.2,116.7,128.2,127.9,140.0,-1,130.4,53.1,31.5,9.3,5.5,0.3,0.0,0.0,0.3,62.2,27.4,43.7,87.0,58.9,77.6,46.8
±è±¤Çö,14S,5.20,28,1,0,28,13,9,0,0,173.2,77,66,749,178,36,4,10,81,1,3,145,1,9,3.42,4.37,1.49,149.2,118.8,5.20,0.94,28,173.2,3.42,7.51,4.20,1.79,0.52,19.4,10.8,8.5,1.30,.337,74.6,.274,.356,.388,.743,1.49,1.51,3009,6.2,107.5,17.3,4.02,48.3,145.6,28,173.2,145.6,133.2,116.7,128.2,127.9,140.0,-1,130.4,53.1,31.5,9.3,5.5,0.3,0.0,0.0,0.3,62.2,27.4,43.7,87.0,58.9,77.6,46.8
ÄÌ¸®,22L,5.19,27,0,0,27,16,4,0,0,166.1,50,47,664,144,10,4,10,35,0,2,153,0,3,2.54,2.95,1.08,156.3,134.7,5.19,3.45,27,166.1,2.54,8.28,1.89,4.37,0.54,23.0,5.3,17.8,1.13,.290,78.4,.232,.273,.309,.583,1.08,1.09,2515,6.2,93.2,15.1,3.79,67.5,146.8,27,166.1,146.8,137.6,129.8,134.3,-1,145.1,-1,-1,27.4,14.6,24.9,12.2,0.0,20.9,0.0,0.0,64.6,35.4,49.2,88.2,59.9,77.5,47.4
ÄÌ¸®,22L,5.19,27,0,0,27,16,4,0,0,166.1,50,47,664,144,10,4,10,35,0,2,153,0,3,2.54,2.95,1.08,156.3,134.7,5.19,3.45,27,166.1,2.54,8.28,1.89,4.37,0.54,23.0,5.3,17.8,1.13,.290,78.4,.232,.273,.309,.583,1.08,1.09,2515,6.2,93.2,15.1,3.79,67.5,146.8,27,166.1,146.8,137.6,129.8,134.3,-1,145.1,-1,-1,27.4,14.6,24.9,12.2,0.0,20.9,0.0,0.0,64.6,35.4,49.2,88.2,59.9,77.5,47.4
ÆùÆ®,22S,5.19,28,1,0,28,13,6,0,0,184.0,63,55,729,141,22,3,18,34,1,6,170,0,5,2.69,3.40,0.95,154.7,124.1,5.19,2.91,28,184.0,2.69,8.32,1.66,5.00,0.88,23.3,4.7,18.7,1.11,.247,75.7,.207,.249,.328,.577,0.95,0.98,2769,6.6,98.9,15.1,3.80,67.0,149.2,28,184.0,149.2,132.5,115.7,-1,131.0,146.0,-1,-1,67.7,15.1,13.9,0.0,1.5,1.7,0.0,0.0,71.2,36.8,54.2,86.7,64.9,79.4,50.8
¹êÇìÄË,15³Ø,5.12,32,0,0,32,15,8,0,0,196.2,92,79,825,190,36,3,14,67,1,1,193,0,16,3.62,3.60,1.31,137.7,137.6,5.12,0.54,32,196.2,3.62,8.83,3.07,2.88,0.64,23.4,8.1,15.3,1.32,.328,69.6,.257,.318,.371,.689,1.31,1.31,3277,6.2,102.4,16.7,3.97,53.6,141.9,32,196.2,141.9,130.4,117.8,128.8,126.1,138.5,-1,141.0,53.6,2.3,7.8,1.0,34.4,0.1,0.0,0.9,59.3,26.5,43.9,86.1,58.8,78.4,53.0
¹êÇìÄË,15³Ø,5.12,32,0,0,32,15,8,0,0,196.2,92,79,825,190,36,3,14,67,1,1,193,0,16,3.62,3.60,1.31,137.7,137.6,5.12,0.54,32,196.2,3.62,8.83,3.07,2.88,0.64,23.4,8.1,15.3,1.32,.328,69.6,.257,.318,.371,.689,1.31,1.31,3277,6.2,102.4,16.7,3.97,53.6,141.9,32,196.2,141.9,130.4,117.8,128.8,126.1,138.5,-1,141.0,53.6,2.3,7.8,1.0,34.4,0.1,0.0,0.9,59.3,26.5,43.9,86.1,58.8,78.4,53.0
½ÅÀç¿µ,16³Ø,5.08,30,0,0,30,15,7,0,0,168.2,76,73,718,192,35,6,19,21,0,11,99,1,2,3.90,4.65,1.26,134.8,111.3,5.08,1.09,30,168.2,3.90,5.28,1.12,4.71,1.01,13.8,2.9,10.9,0.71,.308,75.0,.286,.315,.441,.756,1.26,1.33,2655,5.6,88.5,15.7,3.70,36.2,134.6,30,168.2,134.6,121.0,119.4,122.3,134.0,133.1,-1,129.0,43.1,43.4,5.0,6.1,0.1,1.6,0.0,0.8,65.6,27.5,48.9,88.9,69.4,84.1,56.2
ÄÌ¸®,17S,5.06,30,0,0,30,16,7,0,0,190.0,85,76,815,204,38,3,16,45,2,11,189,1,9,3.60,3.69,1.31,139.8,136.9,5.06,1.60,30,190.0,3.60,8.95,2.13,4.20,0.76,23.2,5.5,17.7,1.23,.342,73.7,.272,.321,.395,.716,1.31,1.37,3024,6.3,100.8,15.9,3.71,53.9,147.7,30,190.0,147.7,143.3,128.8,136.0,135.8,145.0,-1,123.1,36.1,19.1,12.1,21.7,0.1,10.6,0.0,0.3,71.0,35.2,50.9,83.8,62.2,75.5,44.0
·¹ÀÏ¸®,17·Ô,5.03,30,1,0,30,13,7,0,0,187.1,87,79,798,199,39,2,19,44,0,17,156,1,3,3.80,4.37,1.30,132.7,115.2,5.03,1.25,30,187.1,3.80,7.50,2.11,3.55,0.91,19.5,5.5,14.0,1.07,.323,74.1,.274,.328,.411,.739,1.30,1.39,2951,6.2,98.4,15.8,3.70,43.3,143.4,30,187.1,143.4,133.1,123.4,132.6,135.0,141.6,-1,-1,25.8,13.2,14.2,20.7,0.1,26.1,0.0,0.0,64.3,35.5,48.3,87.9,63.1,77.8,44.3
·¹ÀÏ¸®,17·Ô,5.03,30,1,0,30,13,7,0,0,187.1,87,79,798,199,39,2,19,44,0,17,156,1,3,3.80,4.37,1.30,132.7,115.2,5.03,1.25,30,187.1,3.80,7.50,2.11,3.55,0.91,19.5,5.5,14.0,1.07,.323,74.1,.274,.328,.411,.739,1.30,1.39,2951,6.2,98.4,15.8,3.70,43.3,143.4,30,187.1,143.4,133.1,123.4,132.6,135.0,141.6,-1,-1,25.8,13.2,14.2,20.7,0.1,26.1,0.0,0.0,64.3,35.5,48.3,87.9,63.1,77.8,44.3
´ÏÆÛÆ®,14µÎ,5.03,30,1,0,28,14,7,0,1,179.1,83,76,760,186,20,1,17,48,0,6,158,0,10,3.81,4.23,1.31,129.7,118.7,5.03,0.22,30,179.1,3.81,7.93,2.41,3.29,0.85,20.8,6.3,14.5,1.15,.323,72.6,.269,.319,.374,.693,1.31,1.34,3007,6.0,100.2,16.8,3.96,43.5,146.3,30,179.1,146.3,130.5,120.3,131.3,132.3,140.0,-1,131.9,60.1,18.1,3.7,15.8,1.2,0.7,0.0,0.4,62.0,31.7,46.5,87.2,63.2,78.8,49.0
¾çÇöÁ¾,14K,4.99,29,0,0,29,16,8,0,0,171.1,85,81,732,162,30,6,12,77,1,4,165,0,5,4.25,4.24,1.40,122.7,125.1,4.99,2.03,29,171.1,4.25,8.67,4.05,2.14,0.63,22.5,10.5,12.0,1.41,.321,69.9,.253,.335,.374,.710,1.40,1.42,2878,5.9,99.2,16.8,3.93,37.2,143.9,29,171.1,143.9,129.1,118.4,126.5,-1,-1,-1,128.0,57.2,25.5,5.8,10.6,0.0,0.0,0.0,0.8,61.1,28.7,44.2,84.3,61.0,76.4,47.8
ÄÌ¸®,21L,4.96,30,0,0,30,13,8,0,0,177.0,64,62,744,160,25,0,12,60,3,11,142,1,7,3.15,3.76,1.24,136.8,115.1,4.96,1.61,30,177.0,3.15,7.22,3.05,2.37,0.61,19.1,8.1,11.0,1.14,.287,78.0,.241,.312,.333,.645,1.24,1.31,2902,5.9,96.7,16.4,3.90,53.7,146.3,30,177.0,146.3,136.5,128.9,133.2,-1,144.1,-1,-1,26.1,19.3,22.9,8.6,0.0,23.1,0.0,0.0,64.3,31.8,45.9,90.0,58.4,77.6,43.4
ÄÌ¸®,21L,4.96,30,0,0,30,13,8,0,0,177.0,64,62,744,160,25,0,12,60,3,11,142,1,7,3.15,3.76,1.24,136.8,115.1,4.96,1.61,30,177.0,3.15,7.22,3.05,2.37,0.61,19.1,8.1,11.0,1.14,.287,78.0,.241,.312,.333,.645,1.24,1.31,2902,5.9,96.7,16.4,3.90,53.7,146.3,30,177.0,146.3,136.5,128.9,133.2,-1,144.1,-1,-1,26.1,19.3,22.9,8.6,0.0,23.1,0.0,0.0,64.3,31.8,45.9,90.0,58.4,77.6,43.4
¼Ò»ç,18L,4.95,27,1,1,27,9,9,0,0,181.1,83,71,760,192,44,1,16,28,1,4,181,0,6,3.52,3.50,1.21,143.2,143.3,4.95,0.16,27,181.1,3.52,8.98,1.39,6.46,0.79,23.8,3.7,20.1,1.15,.333,69.9,.267,.296,.397,.693,1.21,1.24,2751,6.7,101.9,15.2,3.62,46.8,149.5,27,181.1,149.5,135.8,126.4,-1,132.6,148.1,-1,-1,48.8,17.0,1.7,0.0,30.3,2.2,0.0,0.0,69.8,42.5,54.5,82.2,63.7,74.1,43.9
¿ì±Ô¹Î,15L,4.95,25,1,0,25,11,9,0,0,152.2,64,58,621,163,26,5,13,17,0,12,119,0,2,3.42,3.73,1.18,137.3,125.5,4.95,0.99,25,152.2,3.42,7.02,1.00,7.00,0.77,19.2,2.7,16.4,0.89,.333,73.6,.282,.314,.412,.726,1.18,1.26,2256,6.1,90.2,14.8,3.63,41.2,137.3,25,152.2,137.3,123.4,116.7,123.1,-1,128.3,-1,133.0,40.9,13.8,15.2,21.8,0.0,6.7,0.0,1.6,63.9,26.4,48.4,86.4,62.2,81.0,58.7
¿Á½ºÇÁ¸µ,14·Ô,4.79,32,0,0,31,10,8,0,0,184.1,93,86,781,184,48,1,20,63,1,5,130,0,1,4.20,4.95,1.34,129.8,107.8,4.79,-0.35,32,184.1,4.20,6.35,3.08,2.06,0.98,16.6,8.1,8.6,1.05,.298,71.0,.264,.328,.422,.750,1.34,1.37,3134,5.8,97.9,17.0,4.01,29.2,140.9,32,184.1,140.9,133.6,117.7,129.3,128.8,138.3,123.5,122.7,55.0,16.9,15.2,6.6,0.4,1.7,4.0,0.2,63.5,26.6,45.0,89.8,65.1,82.5,49.9
ÇÃ·µÄÚ,22L,4.79,28,0,0,28,15,5,0,0,162.0,53,43,644,125,18,2,13,38,2,2,149,0,6,2.39,3.25,1.01,166.4,121.6,4.79,2.44,28,162.0,2.39,8.28,2.11,3.92,0.72,23.1,5.9,17.2,1.15,.256,76.3,.210,.258,.313,.570,1.01,1.02,2578,5.8,92.1,15.9,4.00,67.9,145.9,28,162.0,145.9,133.9,121.4,132.3,-1,146.4,-1,-1,51.0,24.4,17.6,6.8,0.0,0.2,0.0,0.0,65.8,34.9,49.0,84.2,69.3,78.4,45.6
º¸¿ìµ§,16µÎ,4.78,30,1,1,30,18,7,0,0,180.0,83,76,742,159,24,2,17,54,0,6,160,2,8,3.80,4.24,1.18,134.5,118.3,4.78,1.03,30,180.0,3.80,8.00,2.70,2.96,0.85,21.6,7.3,14.3,1.19,.288,69.7,.239,.300,.357,.657,1.18,1.22,3068,6.0,102.3,17.0,4.14,48.0,144.8,30,180.0,144.8,132.4,125.4,133.0,133.3,141.9,-1,-1,55.4,14.7,10.3,0.9,18.3,0.3,0.0,0.1,69.3,29.7,48.9,84.6,58.7,76.5,48.4
º¸¿ìµ§,16µÎ,4.78,30,1,1,30,18,7,0,0,180.0,83,76,742,159,24,2,17,54,0,6,160,2,8,3.80,4.24,1.18,134.5,118.3,4.78,1.03,30,180.0,3.80,8.00,2.70,2.96,0.85,21.6,7.3,14.3,1.19,.288,69.7,.239,.300,.357,.657,1.18,1.22,3068,6.0,102.3,17.0,4.14,48.0,144.8,30,180.0,144.8,132.4,125.4,133.0,133.3,141.9,-1,-1,55.4,14.7,10.3,0.9,18.3,0.3,0.0,0.1,69.3,29.7,48.9,84.6,58.7,76.5,48.4
º¸¿ìµ§,16µÎ,4.78,30,1,1,30,18,7,0,0,180.0,83,76,742,159,24,2,17,54,0,6,160,2,8,3.80,4.24,1.18,134.5,118.3,4.78,1.03,30,180.0,3.80,8.00,2.70,2.96,0.85,21.6,7.3,14.3,1.19,.288,69.7,.239,.300,.357,.657,1.18,1.22,3068,6.0,102.3,17.0,4.14,48.0,144.8,30,180.0,144.8,132.4,125.4,133.0,133.3,141.9,-1,-1,55.4,14.7,10.3,0.9,18.3,0.3,0.0,0.1,69.3,29.7,48.9,84.6,58.7,76.5,48.4
º¸¿ìµ§,16µÎ,4.78,30,1,1,30,18,7,0,0,180.0,83,76,742,159,24,2,17,54,0,6,160,2,8,3.80,4.24,1.18,134.5,118.3,4.78,1.03,30,180.0,3.80,8.00,2.70,2.96,0.85,21.6,7.3,14.3,1.19,.288,69.7,.239,.300,.357,.657,1.18,1.22,3068,6.0,102.3,17.0,4.14,48.0,144.8,30,180.0,144.8,132.4,125.4,133.0,133.3,141.9,-1,-1,55.4,14.7,10.3,0.9,18.3,0.3,0.0,0.1,69.3,29.7,48.9,84.6,58.7,76.5,48.4
¿øÅÂÀÎ,21»ï,4.76,26,0,0,26,14,7,0,0,158.2,59,54,655,147,32,1,11,51,1,5,129,1,5,3.06,3.65,1.25,147.4,123.4,4.76,2.41,26,158.2,3.06,7.32,2.89,2.53,0.62,19.7,7.8,11.9,1.13,.300,76.8,.249,.313,.362,.675,1.25,1.28,2522,6.1,97.0,15.9,3.85,52.2,144.4,26,158.2,144.4,128.3,116.8,124.7,-1,138.0,-1,-1,46.3,17.1,7.1,29.5,0.0,0.1,0.0,0.0,67.2,28.4,45.8,83.4,63.0,76.5,44.8
´ÏÆÛÆ®,18K,4.74,29,0,0,28,8,8,0,0,175.2,88,83,765,209,33,4,26,39,2,9,165,0,9,4.25,4.66,1.41,124.6,111.4,4.74,-0.06,29,175.2,4.25,8.45,2.00,4.23,1.33,21.6,5.1,16.5,1.16,.352,76.6,.296,.339,.465,.803,1.41,1.46,2965,6.1,102.2,16.9,3.88,29.3,147.2,29,175.2,147.2,131.8,119.9,133.9,-1,144.3,-1,-1,48.9,17.5,5.4,26.5,0.0,1.7,0.0,0.0,71.4,34.7,50.6,84.4,60.7,75.2,43.4
´ÏÆÛÆ®,18K,4.74,29,0,0,28,8,8,0,0,175.2,88,83,765,209,33,4,26,39,2,9,165,0,9,4.25,4.66,1.41,124.6,111.4,4.74,-0.06,29,175.2,4.25,8.45,2.00,4.23,1.33,21.6,5.1,16.5,1.16,.352,76.6,.296,.339,.465,.803,1.41,1.46,2965,6.1,102.2,16.9,3.88,29.3,147.2,29,175.2,147.2,131.8,119.9,133.9,-1,144.3,-1,-1,48.9,17.5,5.4,26.5,0.0,1.7,0.0,0.0,71.4,34.7,50.6,84.4,60.7,75.2,43.4
À±¼ºÈ¯,14»ï,4.67,28,1,1,28,12,7,0,0,170.1,87,83,728,196,30,4,18,37,0,8,133,0,4,4.39,4.46,1.37,120.6,118.4,4.67,-0.04,28,170.1,4.39,7.03,1.96,3.60,0.95,18.3,5.1,13.2,1.00,.342,71.4,.295,.337,.433,.770,1.37,1.42,2807,6.1,100.3,16.5,3.86,27.5,138.1,28,170.1,138.1,127.0,115.0,127.4,126.6,132.3,-1,128.8,52.4,22.7,18.3,4.4,1.9,0.1,0.0,0.1,64.9,26.7,47.0,87.5,66.8,81.9,53.0
¿äÅ°½Ã,21Å°,4.66,31,0,0,31,16,9,0,0,181.1,71,59,739,171,24,0,12,46,2,4,131,0,9,2.93,3.54,1.20,151.4,122.4,4.66,1.62,31,181.1,2.93,6.50,2.28,2.85,0.60,17.7,6.2,11.5,0.98,.295,73.5,.252,.302,.341,.643,1.20,1.22,2840,5.9,91.6,15.7,3.84,60.8,144.9,31,181.1,144.9,136.2,126.6,131.6,-1,142.5,-1,-1,0.4,6.8,26.1,20.0,0.0,46.8,0.0,0.0,60.6,32.8,45.4,88.4,63.7,78.7,45.2
·çÄ£½ºÅ°,19N,4.64,30,2,0,30,9,9,0,0,177.1,68,60,731,164,20,1,13,45,0,11,119,0,7,3.05,3.96,1.18,138.4,106.6,4.64,2.51,30,177.1,3.05,6.04,2.28,2.64,0.66,16.3,6.2,10.1,0.93,.281,75.3,.247,.303,.338,.641,1.18,1.24,2700,5.9,90.0,15.2,3.69,49.6,147.3,30,177.1,147.3,140.0,131.8,135.8,138.1,146.1,-1,-1,24.6,22.6,13.7,0.1,7.5,31.4,0.0,0.0,69.7,29.8,48.6,88.8,64.8,81.0,47.1
¹Ú¼¼¿õ,17·Ô,4.63,28,0,0,28,12,6,0,0,171.1,74,70,725,170,25,1,21,56,2,9,117,0,7,3.68,5.07,1.32,137.0,99.3,4.63,1.23,28,171.1,3.68,6.15,2.94,2.09,1.10,16.1,7.7,8.4,1.01,.290,78.3,.263,.328,.402,.730,1.32,1.37,2812,6.1,100.4,16.4,3.88,39.4,143.3,28,171.1,143.3,132.6,118.1,126.8,128.9,139.6,-1,-1,46.9,18.8,10.5,0.1,22.8,0.7,0.0,0.1,68.1,26.9,43.7,89.5,63.8,80.2,40.9
¾çÇöÁ¾,17K,4.56,31,1,0,31,20,6,0,0,193.1,88,74,808,209,32,2,17,45,0,0,158,0,14,3.44,3.94,1.31,144.2,126.8,4.56,1.31,31,193.1,3.44,7.36,2.10,3.51,0.79,19.6,5.6,14.0,1.05,.331,72.1,.278,.317,.393,.710,1.31,1.31,3085,6.2,99.5,16.0,3.82,58.5,143.9,31,193.1,143.9,128.6,117.6,128.8,-1,-1,-1,-1,60.2,15.2,6.1,18.5,0.0,0.0,0.0,0.0,72.1,30.8,50.3,87.3,65.4,80.2,47.1
ºäÄ³³Í,21»ï,4.55,30,1,1,30,16,5,0,0,177.0,71,61,758,173,25,4,13,59,2,2,162,0,7,3.10,3.46,1.31,145.5,130.3,4.55,1.66,30,177.0,3.10,8.24,3.00,2.75,0.66,21.4,7.8,13.6,1.25,.308,75.5,.250,.310,.355,.665,1.31,1.32,2966,5.9,98.9,16.8,3.91,59.7,145.3,30,177.0,145.3,140.0,120.9,130.3,-1,143.7,-1,-1,28.7,29.2,14.8,24.9,0.0,2.4,0.0,0.0,65.7,31.0,46.8,86.2,62.5,77.7,45.7
ºäÄ³³Í,21»ï,4.55,30,1,1,30,16,5,0,0,177.0,71,61,758,173,25,4,13,59,2,2,162,0,7,3.10,3.46,1.31,145.5,130.3,4.55,1.66,30,177.0,3.10,8.24,3.00,2.75,0.66,21.4,7.8,13.6,1.25,.308,75.5,.250,.310,.355,.665,1.31,1.32,2966,5.9,98.9,16.8,3.91,59.7,145.3,30,177.0,145.3,140.0,120.9,130.3,-1,143.7,-1,-1,28.7,29.2,14.8,24.9,0.0,2.4,0.0,0.0,65.7,31.0,46.8,86.2,62.5,77.7,45.7
ÇØÄ¿,17N,4.50,26,1,0,26,12,7,0,0,160.1,64,61,672,159,19,2,14,29,1,14,97,2,6,3.42,4.45,1.17,144.8,112.4,4.50,1.40,26,160.1,3.42,5.45,1.63,3.35,0.79,14.4,4.3,10.1,0.79,.288,75.7,.259,.307,.365,.672,1.17,1.26,2424,6.2,93.2,15.1,3.61,40.9,141.4,26,160.1,141.4,133.0,117.4,129.4,129.3,139.2,-1,125.0,6.8,46.0,11.7,16.8,0.3,18.4,0.0,0.0,70.5,30.5,48.5,92.2,65.6,83.0,45.1
°í¿µÇ¥,22K,4.50,28,1,1,28,13,8,0,0,182.1,69,66,758,191,31,3,7,23,1,16,156,0,1,3.26,2.75,1.17,126.4,148.2,4.50,2.38,28,182.1,3.26,7.70,1.14,6.78,0.35,20.6,3.0,17.5,0.98,.335,73.1,.269,.306,.351,.657,1.17,1.26,2617,6.5,93.5,14.4,3.45,53.8,136.2,28,182.1,136.2,126.5,114.5,119.2,-1,136.8,-1,-1,0.6,2.8,12.7,46.1,0.0,37.8,0.0,0.0,69.2,44.1,55.1,86.2,63.9,76.2,43.7
Ã¤µåº§,19ÇÑ,4.49,29,0,0,29,11,10,0,0,177.1,73,69,749,169,33,2,14,63,0,10,134,1,8,3.50,4.15,1.31,118.3,100.2,4.49,1.53,29,177.1,3.50,6.80,3.20,2.13,0.71,17.9,8.4,9.5,1.11,.300,76.0,.256,.328,.375,.703,1.31,1.37,2843,6.1,98.0,16.0,3.80,44.1,145.9,29,177.1,145.9,135.1,123.1,132.6,-1,143.8,-1,-1,32.0,16.2,12.9,19.1,0.0,19.8,0.0,0.0,64.9,31.5,44.8,87.9,67.0,79.0,39.7
Ã¤µåº§,19ÇÑ,4.49,29,0,0,29,11,10,0,0,177.1,73,69,749,169,33,2,14,63,0,10,134,1,8,3.50,4.15,1.31,118.3,100.2,4.49,1.53,29,177.1,3.50,6.80,3.20,2.13,0.71,17.9,8.4,9.5,1.11,.300,76.0,.256,.328,.375,.703,1.31,1.37,2843,6.1,98.0,16.0,3.80,44.1,145.9,29,177.1,145.9,135.1,123.1,132.6,-1,143.8,-1,-1,32.0,16.2,12.9,19.1,0.0,19.8,0.0,0.0,64.9,31.5,44.8,87.9,67.0,79.0,39.7
·çÄ£½ºÅ°,21N,4.48,30,0,0,30,15,10,0,0,178.2,76,63,754,160,24,1,12,55,0,10,177,2,6,3.17,3.32,1.20,143.1,135.9,4.48,1.88,30,178.2,3.17,8.92,2.77,3.22,0.60,23.5,7.3,16.2,1.30,.298,71.6,.234,.300,.324,.624,1.20,1.26,2969,6.0,99.0,16.6,3.94,59.0,148.1,30,178.2,148.1,139.3,130.8,-1,136.1,147.5,-1,-1,26.7,27.9,13.3,0.0,8.5,23.6,0.0,0.0,63.7,35.5,48.3,87.9,57.6,75.7,45.3
ÄÌ¸®,15S,4.40,30,1,0,29,11,10,0,0,181.0,87,83,775,188,28,1,16,54,1,5,139,2,9,4.13,4.19,1.34,117.0,115.8,4.40,-0.13,30,181.0,4.13,6.91,2.69,2.57,0.80,17.9,7.0,11.0,1.07,.315,71.2,.270,.325,.382,.707,1.34,1.37,2878,6.0,95.9,15.9,3.71,32.4,144.1,30,181.0,144.1,137.3,125.2,131.1,131.5,140.8,-1,125.7,49.9,16.4,11.3,14.2,0.1,5.5,0.0,2.6,69.0,26.5,48.3,85.3,58.3,78.1,51.3
À¯Èñ°ü,15µÎ,4.40,30,1,1,30,18,5,0,0,189.2,84,83,786,193,33,5,23,44,0,4,126,1,4,3.94,4.62,1.25,119.0,100.2,4.40,0.64,30,189.2,3.94,5.98,2.09,2.86,1.09,16.0,5.6,10.4,0.90,.296,75.2,.269,.312,.425,.737,1.25,1.27,2964,6.3,98.8,15.6,3.77,42.4,127.2,30,189.2,127.2,118.7,104.6,117.1,-1,117.0,-1,119.5,41.2,12.6,13.6,5.9,0.0,24.1,0.0,2.6,56.3,23.3,40.6,89.7,66.2,83.3,52.5
À¯Èñ°ü,15µÎ,4.40,30,1,1,30,18,5,0,0,189.2,84,83,786,193,33,5,23,44,0,4,126,1,4,3.94,4.62,1.25,119.0,100.2,4.40,0.64,30,189.2,3.94,5.98,2.09,2.86,1.09,16.0,5.6,10.4,0.90,.296,75.2,.269,.312,.425,.737,1.25,1.27,2964,6.3,98.8,15.6,3.77,42.4,127.2,30,189.2,127.2,118.7,104.6,117.1,-1,117.0,-1,119.5,41.2,12.6,13.6,5.9,0.0,24.1,0.0,2.6,56.3,23.3,40.6,89.7,66.2,83.3,52.5
·çÄ£½ºÅ°,22N,4.38,31,0,0,31,10,12,0,0,193.2,77,64,797,184,34,2,14,34,1,8,194,0,9,2.97,2.91,1.13,136.9,140.9,4.38,2.80,31,193.2,2.97,9.02,1.58,5.71,0.65,24.3,4.3,20.1,1.18,.318,72.2,.249,.288,.357,.645,1.13,1.17,2974,6.3,95.9,15.4,3.73,62.2,149.1,31,193.2,149.1,140.9,130.5,141.0,137.2,148.2,-1,-1,32.7,26.8,15.1,0.0,4.9,20.5,0.0,0.0,68.4,38.6,52.2,86.5,57.7,75.0,45.7
ÇØÄ¿,14N,4.31,30,1,0,29,8,8,0,0,172.2,86,78,749,169,22,2,14,62,0,14,112,0,5,4.07,4.93,1.34,128.0,107.0,4.31,0.54,30,172.2,4.07,5.84,3.23,1.81,0.73,15.0,8.3,6.7,1.01,.289,70.5,.258,.332,.361,.693,1.34,1.42,2791,5.8,93.0,16.2,3.73,27.5,142.5,30,172.2,142.5,129.5,120.1,128.7,129.0,141.0,-1,125.0,61.1,9.5,21.3,3.1,2.8,0.1,0.0,2.0,59.5,31.0,44.0,90.4,72.3,83.5,45.7
ÇØÄ¿,14N,4.31,30,1,0,29,8,8,0,0,172.2,86,78,749,169,22,2,14,62,0,14,112,0,5,4.07,4.93,1.34,128.0,107.0,4.31,0.54,30,172.2,4.07,5.84,3.23,1.81,0.73,15.0,8.3,6.7,1.01,.289,70.5,.258,.332,.361,.693,1.34,1.42,2791,5.8,93.0,16.2,3.73,27.5,142.5,30,172.2,142.5,129.5,120.1,128.7,129.0,141.0,-1,125.0,61.1,9.5,21.3,3.1,2.8,0.1,0.0,2.0,59.5,31.0,44.0,90.4,72.3,83.5,45.7
ÇØÄ¿,14N,4.31,30,1,0,29,8,8,0,0,172.2,86,78,749,169,22,2,14,62,0,14,112,0,5,4.07,4.93,1.34,128.0,107.0,4.31,0.54,30,172.2,4.07,5.84,3.23,1.81,0.73,15.0,8.3,6.7,1.01,.289,70.5,.258,.332,.361,.693,1.34,1.42,2791,5.8,93.0,16.2,3.73,27.5,142.5,30,172.2,142.5,129.5,120.1,128.7,129.0,141.0,-1,125.0,61.1,9.5,21.3,3.1,2.8,0.1,0.0,2.0,59.5,31.0,44.0,90.4,72.3,83.5,45.7
ÇØÄ¿,14N,4.31,30,1,0,29,8,8,0,0,172.2,86,78,749,169,22,2,14,62,0,14,112,0,5,4.07,4.93,1.34,128.0,107.0,4.31,0.54,30,172.2,4.07,5.84,3.23,1.81,0.73,15.0,8.3,6.7,1.01,.289,70.5,.258,.332,.361,.693,1.34,1.42,2791,5.8,93.0,16.2,3.73,27.5,142.5,30,172.2,142.5,129.5,120.1,128.7,129.0,141.0,-1,125.0,61.1,9.5,21.3,3.1,2.8,0.1,0.0,2.0,59.5,31.0,44.0,90.4,72.3,83.5,45.7
¼ÒÇüÁØ,22K,4.28,27,0,0,27,13,6,0,0,171.1,68,58,703,158,16,6,8,39,1,5,117,0,6,3.05,3.33,1.15,135.2,122.3,4.28,1.41,27,171.1,3.05,6.15,2.05,3.00,0.42,16.6,5.5,11.1,0.91,.285,70.2,.244,.291,.324,.614,1.15,1.18,2499,6.4,92.6,14.6,3.56,52.4,141.9,27,171.1,141.9,140.6,122.5,131.2,-1,143.3,-1,-1,0.6,29.6,9.6,19.9,0.0,40.4,0.0,0.0,70.3,33.3,50.7,89.2,68.0,81.8,47.1
ÄÌ¸®,20L,4.26,28,1,1,28,15,7,0,0,173.1,67,64,705,160,29,1,16,40,0,11,134,0,4,3.32,4.09,1.15,139.3,112.7,4.26,1.64,28,173.1,3.32,6.96,2.08,3.35,0.83,19.0,5.7,13.3,1.00,.287,76.4,.247,.301,.369,.670,1.15,1.22,2621,6.2,93.6,15.1,3.72,51.1,146.6,28,173.1,146.6,137.6,129.8,134.4,-1,144.2,-1,-1,22.7,22.3,24.9,4.8,0.0,25.3,0.0,0.0,66.4,34.5,48.6,90.0,59.3,77.9,44.3
ÇÇ°¡·Î,15»ï,4.24,25,1,0,25,13,7,0,0,165.0,66,62,688,154,26,3,16,51,0,7,117,0,6,3.38,4.51,1.24,146.0,108.9,4.24,1.55,25,165.0,3.38,6.38,2.78,2.29,0.87,17.0,7.4,9.6,1.02,.283,77.0,.251,.313,.382,.694,1.24,1.29,2617,6.6,104.7,15.9,3.80,45.2,148.7,25,165.0,148.7,132.7,125.7,133.6,132.8,146.8,-1,101.8,53.5,8.4,21.2,7.5,0.2,4.6,0.0,4.6,65.5,26.7,46.5,88.7,66.7,82.5,51.1
ÇÇ°¡·Î,15»ï,4.24,25,1,0,25,13,7,0,0,165.0,66,62,688,154,26,3,16,51,0,7,117,0,6,3.38,4.51,1.24,146.0,108.9,4.24,1.55,25,165.0,3.38,6.38,2.78,2.29,0.87,17.0,7.4,9.6,1.02,.283,77.0,.251,.313,.382,.694,1.24,1.29,2617,6.6,104.7,15.9,3.80,45.2,148.7,25,165.0,148.7,132.7,125.7,133.6,132.8,146.8,-1,101.8,53.5,8.4,21.2,7.5,0.2,4.6,0.0,4.6,65.5,26.7,46.5,88.7,66.7,82.5,51.1
¿äÅ°½Ã,19Å°,4.23,30,1,1,30,13,9,0,0,181.1,72,63,746,166,33,5,9,39,0,11,141,0,6,3.13,3.32,1.13,132.4,124.5,4.23,1.09,30,181.1,3.13,7.00,1.94,3.62,0.45,18.9,5.2,13.7,0.99,.290,70.8,.241,.291,.343,.634,1.13,1.19,2762,6.0,92.1,15.2,3.70,54.8,143.4,30,181.1,143.4,133.3,123.7,131.3,-1,142.0,-1,-1,11.5,12.2,15.4,25.8,0.0,35.0,0.0,0.0,63.5,29.8,44.9,86.1,65.4,78.5,44.6
Â÷¿ìÂù,17L,4.23,28,0,0,28,10,7,0,0,175.2,75,67,732,171,33,4,20,38,0,7,157,0,10,3.43,4.20,1.19,141.1,114.3,4.23,1.27,28,175.2,3.43,8.04,1.95,4.13,1.03,21.4,5.2,16.3,1.11,.298,75.0,.252,.297,.401,.698,1.19,1.23,2879,6.3,102.8,16.4,3.93,46.5,142.3,28,175.2,142.3,128.2,110.9,124.5,129.6,129.0,-1,-1,43.7,22.6,14.8,0.1,18.8,0.0,0.0,0.0,64.9,31.9,47.3,85.8,67.2,79.2,46.8
¼­Æúµå,19ÇÑ,4.22,31,0,0,31,12,11,0,0,192.1,84,75,810,191,28,4,8,54,1,8,135,0,8,3.51,3.49,1.27,118.0,119.3,4.22,1.73,31,192.1,3.51,6.32,2.53,2.50,0.37,16.7,6.7,10.0,0.98,.305,69.9,.259,.314,.340,.654,1.27,1.32,3142,6.2,101.4,16.3,3.88,46.7,144.7,31,192.1,144.7,136.8,127.0,131.9,-1,142.7,-1,-1,11.4,11.3,16.7,26.0,0.0,34.5,0.0,0.0,70.2,33.2,48.3,87.0,66.5,78.7,40.9
¼Ò»ç,17L,4.17,30,2,1,29,11,11,1,0,185.1,86,80,769,189,36,9,11,38,0,3,153,0,3,3.88,3.52,1.23,124.7,138.2,4.17,0.50,30,185.1,3.88,7.43,1.85,4.03,0.53,19.9,4.9,15.0,1.03,.319,67.1,.264,.301,.386,.687,1.23,1.24,2863,6.2,95.4,15.5,3.72,39.0,149.5,30,185.1,149.5,136.0,125.7,130.0,132.6,148.8,-1,-1,52.0,27.9,1.3,0.2,17.5,1.1,0.0,0.0,71.9,32.3,51.6,85.1,65.9,79.0,48.8
ÇÇ¾î¹êµå,16³Øk,4.16,31,0,0,30,7,13,0,0,182.0,97,90,803,231,39,1,23,48,0,10,144,3,6,4.45,4.81,1.53,117.8,108.1,4.16,-1.34,31,182.0,4.45,7.12,2.37,3.00,1.14,17.9,6.0,12.0,1.06,.368,74.8,.319,.366,.471,.837,1.53,1.59,3109,5.9,100.3,17.1,3.87,22.4,142.0,31,182.0,142.0,129.1,118.0,126.9,130.0,139.4,122.2,-1,55.1,18.2,7.4,18.3,0.0,0.4,0.3,0.3,66.5,28.9,48.6,85.9,61.4,79.0,52.4
¸®¿À´Ü,14L,4.14,28,2,1,28,9,10,0,0,168.0,80,74,707,177,32,5,13,37,1,10,77,0,8,3.96,4.77,1.27,124.9,106.3,4.14,0.45,28,168.0,3.96,4.13,1.98,2.08,0.70,10.9,5.2,5.7,0.68,.292,70.0,.274,.321,.399,.720,1.27,1.33,2689,6.0,96.0,16.0,3.80,26.7,142.5,28,168.0,142.5,133.4,115.9,129.2,121.8,139.9,-1,-1,63.2,8.3,13.4,9.6,0.2,5.4,0.0,0.0,65.2,23.7,45.9,91.5,76.2,87.8,53.3
¸®¿À´Ü,14L,4.14,28,2,1,28,9,10,0,0,168.0,80,74,707,177,32,5,13,37,1,10,77,0,8,3.96,4.77,1.27,124.9,106.3,4.14,0.45,28,168.0,3.96,4.13,1.98,2.08,0.70,10.9,5.2,5.7,0.68,.292,70.0,.274,.321,.399,.720,1.27,1.33,2689,6.0,96.0,16.0,3.80,26.7,142.5,28,168.0,142.5,133.4,115.9,129.2,121.8,139.9,-1,-1,63.2,8.3,13.4,9.6,0.2,5.4,0.0,0.0,65.2,23.7,45.9,91.5,76.2,87.8,53.3
À¯Èñ°ü,16µÎ,4.13,30,0,0,29,15,6,0,0,185.2,95,91,809,212,39,3,22,58,0,6,102,0,5,4.41,5.27,1.45,115.9,94.9,4.13,-0.36,30,185.2,4.41,4.94,2.81,1.76,1.07,12.6,7.2,5.4,0.86,.312,73.8,.294,.346,.447,.794,1.45,1.49,3052,6.2,101.7,16.4,3.77,27.0,128.3,30,185.2,128.3,120.8,109.6,119.2,-1,118.8,-1,123.0,44.2,18.0,11.6,5.3,0.0,20.6,0.0,0.3,55.7,27.9,40.5,91.2,72.1,84.0,45.3
ÃÖ¿øÁØ,21µÎ,4.13,29,0,0,29,12,4,0,0,158.1,65,58,673,160,31,4,15,37,1,10,113,0,0,3.30,4.01,1.24,130.8,107.1,4.13,1.17,29,158.1,3.30,6.42,2.10,3.05,0.85,16.8,5.5,11.3,0.95,.295,76.3,.260,.310,.396,.706,1.24,1.31,2677,5.5,92.3,16.9,3.98,44.5,138.7,29,158.1,138.7,126.4,110.8,123.2,-1,-1,-1,-1,58.1,27.2,2.4,12.3,0.0,0.0,0.0,0.0,70.6,28.5,49.0,87.5,72.0,82.8,48.6
À±¼ºÈ¯,16»ï,4.13,28,1,0,28,11,10,0,0,180.0,95,87,767,202,35,3,25,41,0,13,85,1,6,4.35,5.55,1.35,121.2,93.9,4.13,-1.03,28,180.0,4.35,4.25,2.05,2.07,1.25,11.1,5.3,5.7,0.70,.299,72.9,.290,.339,.457,.796,1.35,1.42,2786,6.4,99.5,15.5,3.63,22.5,135.9,28,180.0,135.9,127.1,112.4,125.0,126.3,136.0,-1,-1,50.3,24.4,17.6,6.2,1.4,0.1,0.0,0.0,61.5,33.1,46.8,91.9,74.8,85.6,48.0
ÈÄ·©ÄÚÇÁ,18µÎ,4.12,28,0,0,28,18,3,0,0,149.1,64,62,621,118,17,1,12,55,1,22,134,0,15,3.74,4.61,1.16,135.3,110.0,4.12,1.18,28,149.1,3.74,8.08,3.32,2.44,0.72,21.6,8.9,12.7,1.27,.270,73.5,.220,.317,.323,.639,1.16,1.31,2624,5.3,93.7,17.6,4.23,44.1,146.3,28,149.1,146.3,139.0,125.6,131.4,-1,144.1,-1,-1,26.9,37.0,12.0,19.0,0.0,5.0,0.0,0.0,62.8,30.7,42.7,85.6,63.5,75.6,37.4
·¹ÀÏ¸®,19·Ô,4.08,30,0,0,30,5,14,0,0,181.0,88,78,791,191,32,4,10,65,1,8,140,1,10,3.88,3.77,1.41,108.1,111.1,4.08,0.20,30,181.0,3.88,6.96,3.23,2.15,0.50,17.7,8.2,9.5,1.13,.323,70.4,.269,.337,.368,.704,1.41,1.46,2933,6.0,97.8,16.2,3.71,31.5,144.1,30,181.0,144.1,136.6,123.2,131.8,-1,141.5,-1,-1,19.0,19.1,15.9,19.0,0.0,27.0,0.0,0.0,64.1,33.1,46.6,87.3,64.7,78.2,43.4
·¹ÀÏ¸®,19·Ô,4.08,30,0,0,30,5,14,0,0,181.0,88,78,791,191,32,4,10,65,1,8,140,1,10,3.88,3.77,1.41,108.1,111.1,4.08,0.20,30,181.0,3.88,6.96,3.23,2.15,0.50,17.7,8.2,9.5,1.13,.323,70.4,.269,.337,.368,.704,1.41,1.46,2933,6.0,97.8,16.2,3.71,31.5,144.1,30,181.0,144.1,136.6,123.2,131.8,-1,141.5,-1,-1,19.0,19.1,15.9,19.0,0.0,27.0,0.0,0.0,64.1,33.1,46.6,87.3,64.7,78.2,43.4
µ¥½ºÆÄÀÌ³×,21K,4.01,33,0,0,33,13,10,0,0,188.2,81,71,819,175,30,3,10,78,0,7,165,0,15,3.39,3.62,1.34,132.6,122.7,4.01,0.79,33,188.2,3.39,7.87,3.72,2.12,0.48,20.1,9.5,10.6,1.29,.301,72.8,.243,.322,.335,.657,1.34,1.38,3405,5.7,103.2,18.1,4.16,52.8,148.7,33,188.2,148.7,138.9,124.4,127.9,-1,146.6,-1,-1,24.5,13.1,21.2,15.2,0.0,26.0,0.0,0.0,66.5,28.9,44.6,85.6,67.5,78.8,41.9
¹Ú¼¼¿õ,21·Ô,4.01,28,1,1,28,10,9,0,0,163.0,75,72,685,141,24,0,20,53,0,10,125,0,17,3.98,4.55,1.19,114.3,98.1,4.01,-0.23,28,163.0,3.98,6.90,2.93,2.36,1.10,18.2,7.7,10.5,1.09,.256,73.3,.229,.300,.365,.665,1.19,1.25,2609,5.8,93.2,16.0,3.81,32.0,145.5,28,163.0,145.5,137.1,119.8,126.8,131.1,144.0,-1,-1,47.4,21.3,19.7,0.2,11.1,0.3,0.0,0.0,64.5,30.4,44.5,87.3,64.4,78.1,41.5
¹Ú¼¼¿õ,21·Ô,4.01,28,1,1,28,10,9,0,0,163.0,75,72,685,141,24,0,20,53,0,10,125,0,17,3.98,4.55,1.19,114.3,98.1,4.01,-0.23,28,163.0,3.98,6.90,2.93,2.36,1.10,18.2,7.7,10.5,1.09,.256,73.3,.229,.300,.365,.665,1.19,1.25,2609,5.8,93.2,16.0,3.81,32.0,145.5,28,163.0,145.5,137.1,119.8,126.8,131.1,144.0,-1,-1,47.4,21.3,19.7,0.2,11.1,0.3,0.0,0.0,64.5,30.4,44.5,87.3,64.4,78.1,41.5
ÄÌ¸®,19L,3.98,29,0,0,29,14,12,0,0,180.1,70,51,747,164,33,3,7,41,0,16,126,0,12,2.55,3.46,1.14,161.3,118.7,3.98,2.39,29,180.1,2.55,6.29,2.05,3.07,0.35,16.9,5.5,11.4,0.93,.284,71.5,.243,.298,.332,.630,1.14,1.23,2758,6.2,95.1,15.3,3.69,65.8,146.2,29,180.1,146.2,137.2,128.6,133.3,-1,144.2,-1,-1,14.8,9.8,25.0,11.6,0.0,38.8,0.0,0.0,67.1,31.9,47.6,89.9,67.1,81.4,44.7
ÄÌ¸®,19L,3.98,29,0,0,29,14,12,0,0,180.1,70,51,747,164,33,3,7,41,0,16,126,0,12,2.55,3.46,1.14,161.3,118.7,3.98,2.39,29,180.1,2.55,6.29,2.05,3.07,0.35,16.9,5.5,11.4,0.93,.284,71.5,.243,.298,.332,.630,1.14,1.23,2758,6.2,95.1,15.3,3.69,65.8,146.2,29,180.1,146.2,137.2,128.6,133.3,-1,144.2,-1,-1,14.8,9.8,25.0,11.6,0.0,38.8,0.0,0.0,67.1,31.9,47.6,89.9,67.1,81.4,44.7
¿ì±Ô¹Î,14L,3.96,29,0,0,28,11,5,0,0,153.2,78,69,653,170,18,5,11,34,1,12,103,0,2,4.04,4.32,1.33,122.5,117.3,3.96,0.28,29,153.2,4.04,6.03,1.99,3.03,0.64,15.8,5.2,10.6,0.89,.325,68.8,.284,.333,.386,.719,1.33,1.41,2472,5.3,85.2,16.1,3.79,29.1,137.0,29,153.2,137.0,123.4,115.7,123.8,-1,126.8,-1,122.5,42.8,17.4,10.0,23.7,0.0,5.7,0.0,0.5,63.7,26.1,46.0,89.5,61.7,82.1,53.0
ÀÌ¿ëÂù,18µÎ,3.91,25,1,0,24,15,3,0,0,144.0,62,58,608,151,24,1,14,36,2,8,102,0,6,3.63,4.56,1.30,139.4,110.8,3.91,0.45,25,144.0,3.63,6.38,2.25,2.83,0.88,16.8,5.9,10.9,0.96,.309,75.8,.274,.323,.397,.720,1.30,1.35,2237,5.8,89.5,15.5,3.68,39.2,142.6,25,144.0,142.6,130.1,119.6,124.7,125.8,141.3,-1,-1,35.4,8.5,20.0,0.1,24.4,11.6,0.0,0.0,63.1,29.6,44.4,86.9,69.2,80.3,44.2
À±¼ºÈ¯,15»ï,3.91,30,3,1,30,17,8,0,0,194.0,86,81,809,199,34,4,27,30,0,10,164,0,1,3.76,4.35,1.18,131.4,112.8,3.91,0.67,30,194.0,3.76,7.61,1.39,5.47,1.25,20.3,3.7,16.6,1.00,.302,76.0,.264,.299,.427,.726,1.18,1.23,3042,6.5,101.4,15.7,3.76,49.4,139.6,30,194.0,139.6,128.7,113.9,126.3,128.5,138.8,-1,132.4,50.0,27.1,11.7,2.0,2.1,3.6,0.0,3.6,61.8,36.8,49.0,86.5,74.1,81.8,48.9
ÄÌ¸®,18S,3.89,28,0,0,28,12,7,0,0,158.1,78,72,674,152,28,3,18,47,1,13,161,2,5,4.09,4.40,1.26,128.5,120.4,3.89,-0.45,28,158.1,4.09,9.15,2.67,3.43,1.02,23.9,7.0,16.9,1.31,.310,71.7,.250,.316,.395,.710,1.26,1.34,2497,5.7,89.2,15.8,3.71,35.3,148.8,28,158.1,148.8,143.1,130.2,137.6,-1,145.9,-1,-1,38.3,17.3,17.4,19.5,0.0,7.5,0.0,0.0,71.5,30.8,50.0,83.9,55.8,74.8,47.3
ÄÌ¸®,18S,3.89,28,0,0,28,12,7,0,0,158.1,78,72,674,152,28,3,18,47,1,13,161,2,5,4.09,4.40,1.26,128.5,120.4,3.89,-0.45,28,158.1,4.09,9.15,2.67,3.43,1.02,23.9,7.0,16.9,1.31,.310,71.7,.250,.316,.395,.710,1.26,1.34,2497,5.7,89.2,15.8,3.71,35.3,148.8,28,158.1,148.8,143.1,130.2,137.6,-1,145.9,-1,-1,38.3,17.3,17.4,19.5,0.0,7.5,0.0,0.0,71.5,30.8,50.0,83.9,55.8,74.8,47.3
·¹ÀÏ¸®,15·Ô,3.87,31,1,0,30,11,9,0,0,179.1,93,78,768,182,27,2,20,57,2,15,134,2,13,3.91,4.74,1.33,128.8,103.9,3.87,0.72,31,179.1,3.91,6.73,2.86,2.35,1.00,17.4,7.4,10.0,1.07,.304,71.2,.267,.335,.401,.736,1.33,1.42,2909,5.8,93.8,16.2,3.79,36.1,142.4,31,179.1,142.4,129.9,122.0,130.7,-1,141.0,-1,133.7,43.9,19.8,13.5,7.5,0.0,12.4,0.0,2.9,63.5,29.7,46.8,88.8,63.1,80.7,50.4
·¹ÀÏ¸®,15·Ô,3.87,31,1,0,30,11,9,0,0,179.1,93,78,768,182,27,2,20,57,2,15,134,2,13,3.91,4.74,1.33,128.8,103.9,3.87,0.72,31,179.1,3.91,6.73,2.86,2.35,1.00,17.4,7.4,10.0,1.07,.304,71.2,.267,.335,.401,.736,1.33,1.42,2909,5.8,93.8,16.2,3.79,36.1,142.4,31,179.1,142.4,129.9,122.0,130.7,-1,141.0,-1,133.7,43.9,19.8,13.5,7.5,0.0,12.4,0.0,2.9,63.5,29.7,46.8,88.8,63.1,80.7,50.4
·¹ÀÏ¸®,15·Ô,3.87,31,1,0,30,11,9,0,0,179.1,93,78,768,182,27,2,20,57,2,15,134,2,13,3.91,4.74,1.33,128.8,103.9,3.87,0.72,31,179.1,3.91,6.73,2.86,2.35,1.00,17.4,7.4,10.0,1.07,.304,71.2,.267,.335,.401,.736,1.33,1.42,2909,5.8,93.8,16.2,3.79,36.1,142.4,31,179.1,142.4,129.9,122.0,130.7,-1,141.0,-1,133.7,43.9,19.8,13.5,7.5,0.0,12.4,0.0,2.9,63.5,29.7,46.8,88.8,63.1,80.7,50.4
·¹ÀÏ¸®,15·Ô,3.87,31,1,0,30,11,9,0,0,179.1,93,78,768,182,27,2,20,57,2,15,134,2,13,3.91,4.74,1.33,128.8,103.9,3.87,0.72,31,179.1,3.91,6.73,2.86,2.35,1.00,17.4,7.4,10.0,1.07,.304,71.2,.267,.335,.401,.736,1.33,1.42,2909,5.8,93.8,16.2,3.79,36.1,142.4,31,179.1,142.4,129.9,122.0,130.7,-1,141.0,-1,133.7,43.9,19.8,13.5,7.5,0.0,12.4,0.0,2.9,63.5,29.7,46.8,88.8,63.1,80.7,50.4
¹®½Â¿ø,20S,3.82,25,1,0,25,6,8,0,0,145.2,64,59,610,136,29,0,13,45,0,6,117,0,2,3.65,4.16,1.24,132.3,117.1,3.82,0.65,25,145.2,3.65,7.23,2.78,2.60,0.80,19.2,7.4,11.8,1.11,.290,72.9,.248,.309,.372,.681,1.24,1.28,2338,5.8,93.5,16.1,3.83,31.5,143.4,25,145.2,143.4,134.7,122.2,129.6,-1,126.0,-1,-1,46.2,28.5,12.4,12.9,0.0,0.0,0.0,0.0,68.5,28.4,46.5,85.7,68.3,79.8,45.0
ºäÄ³³Í,22»ï,3.80,26,1,1,26,11,8,0,0,160.0,61,54,691,176,28,2,10,39,0,8,117,0,2,3.04,3.57,1.34,137.4,115.2,3.80,1.83,26,160.0,3.04,6.58,2.19,3.00,0.56,16.9,5.6,11.3,0.98,.327,77.5,.279,.327,.377,.704,1.34,1.39,2605,6.2,100.2,16.3,3.77,48.7,144.7,26,160.0,144.7,140.0,120.8,130.5,-1,145.3,-1,-1,23.5,32.4,15.0,23.6,0.0,5.5,0.0,0.0,64.8,32.2,46.9,88.3,72.7,82.4,45.0
ÀÌÀçÇÐ,14N,3.80,29,1,0,28,10,9,0,0,156.0,77,73,668,152,28,2,16,68,0,8,131,0,2,4.21,4.97,1.41,123.6,106.2,3.80,-0.20,29,156.0,4.21,7.56,3.92,1.93,0.92,19.6,10.2,9.4,1.28,.314,73.4,.264,.348,.403,.750,1.41,1.46,2595,5.4,89.5,16.6,3.89,28.1,136.6,29,156.0,136.6,124.4,119.2,124.5,-1,124.5,-1,124.4,52.8,5.1,0.9,40.7,0.0,0.3,0.0,0.2,63.6,34.4,47.2,79.1,61.6,71.9,43.7
ÀÌÀçÇÐ,14N,3.80,29,1,0,28,10,9,0,0,156.0,77,73,668,152,28,2,16,68,0,8,131,0,2,4.21,4.97,1.41,123.6,106.2,3.80,-0.20,29,156.0,4.21,7.56,3.92,1.93,0.92,19.6,10.2,9.4,1.28,.314,73.4,.264,.348,.403,.750,1.41,1.46,2595,5.4,89.5,16.6,3.89,28.1,136.6,29,156.0,136.6,124.4,119.2,124.5,-1,124.5,-1,124.4,52.8,5.1,0.9,40.7,0.0,0.3,0.0,0.2,63.6,34.4,47.2,79.1,61.6,71.9,43.7
ÇÇ¾î¹êµå,18K,3.78,27,1,0,26,8,8,0,0,163.1,90,78,707,186,27,1,24,38,0,6,141,0,5,4.30,4.83,1.37,123.3,107.7,3.78,-1.28,27,163.1,4.30,7.77,2.09,3.71,1.32,19.9,5.4,14.6,1.10,.332,71.3,.286,.330,.442,.772,1.37,1.41,2723,6.1,100.9,16.7,3.85,25.8,138.8,27,163.1,138.8,128.5,114.5,124.8,-1,138.1,118.1,-1,48.1,0.8,4.8,28.9,0.0,2.9,14.5,0.0,67.0,30.7,49.1,82.0,71.6,78.8,50.7
Âû¸®,14N,3.77,28,1,1,28,12,8,0,0,165.1,90,70,718,184,31,0,13,55,0,9,92,2,5,3.81,4.93,1.45,136.6,107.1,3.77,-0.82,28,165.1,3.81,5.01,2.99,1.67,0.71,12.8,7.7,5.2,0.89,.321,68.8,.291,.353,.401,.755,1.45,1.50,2747,5.9,98.1,16.6,3.83,33.9,141.8,28,165.1,141.8,132.0,122.0,131.0,128.0,141.4,-1,130.6,65.3,10.7,9.5,11.9,0.5,0.8,0.0,1.2,60.5,29.2,43.4,91.5,70.5,83.7,45.1
À±¼ºÈ¯,17»ï,3.73,28,1,0,28,12,9,0,0,174.1,86,83,731,181,39,4,22,37,0,15,130,0,3,4.28,4.78,1.25,118.4,105.4,3.73,0.77,28,174.1,4.28,6.71,1.91,3.51,1.14,17.8,5.1,12.7,0.96,.305,72.7,.271,.321,.440,.761,1.25,1.34,2810,6.2,100.4,16.1,3.84,29.2,135.5,28,174.1,135.5,126.9,112.6,123.4,125.8,132.5,-1,-1,46.4,33.7,14.0,4.7,0.6,0.6,0.0,0.0,63.2,32.3,45.3,89.6,71.0,81.9,42.2
Å·¾ö,21ÇÑ,3.72,25,0,0,25,10,8,0,0,144.0,58,51,591,117,22,0,11,41,1,5,131,2,4,3.19,3.44,1.10,137.4,129.2,3.72,1.60,25,144.0,3.19,8.19,2.56,3.20,0.69,22.2,6.9,15.2,1.19,.266,71.1,.219,.278,.322,.600,1.10,1.13,2356,5.8,94.2,16.4,3.99,44.1,143.4,25,144.0,143.4,132.1,125.0,132.4,-1,140.5,-1,-1,45.3,11.4,18.7,22.4,0.0,2.3,0.0,0.0,62.6,34.9,46.5,83.3,63.0,74.4,41.8
Å·¾ö,21ÇÑ,3.72,25,0,0,25,10,8,0,0,144.0,58,51,591,117,22,0,11,41,1,5,131,2,4,3.19,3.44,1.10,137.4,129.2,3.72,1.60,25,144.0,3.19,8.19,2.56,3.20,0.69,22.2,6.9,15.2,1.19,.266,71.1,.219,.278,.322,.600,1.10,1.13,2356,5.8,94.2,16.4,3.99,44.1,143.4,25,144.0,143.4,132.1,125.0,132.4,-1,140.5,-1,-1,45.3,11.4,18.7,22.4,0.0,2.3,0.0,0.0,62.6,34.9,46.5,83.3,63.0,74.4,41.8
·ùÁ¦±¹,16L,3.70,29,1,1,29,13,11,0,0,161.1,83,77,701,152,25,0,14,70,0,21,138,0,13,4.30,4.90,1.38,118.4,102.5,3.70,-0.55,29,161.1,4.30,7.70,3.91,1.97,0.78,19.7,10.0,9.7,1.29,.305,71.6,.255,.349,.367,.716,1.38,1.51,2743,5.6,94.6,17.0,3.91,30.5,141.0,29,161.1,141.0,135.9,111.5,129.2,137.0,140.5,-1,-1,24.1,14.3,19.8,18.3,0.0,23.4,0.0,0.0,61.4,23.0,40.5,87.6,58.0,78.5,45.5
ºê¸®°Ë,19Å°,3.69,28,0,0,28,13,5,0,0,158.1,62,52,669,148,32,2,5,46,0,12,130,1,7,2.96,3.27,1.23,140.0,126.9,3.69,1.21,28,158.1,2.96,7.39,2.62,2.83,0.28,19.4,6.9,12.6,1.11,.303,72.4,.245,.310,.330,.640,1.23,1.30,2521,5.7,90.0,15.9,3.77,53.2,146.6,28,158.1,146.6,138.3,125.3,134.5,132.7,145.3,-1,-1,10.2,20.9,20.6,6.7,0.9,40.7,0.0,0.0,64.2,32.0,45.1,92.7,61.0,79.4,40.9
¿Á½ºÇÁ¸µ,15k,3.68,31,3,0,31,12,10,0,0,185.0,104,92,806,200,33,0,23,66,0,10,142,0,5,4.48,4.93,1.44,112.3,99.2,3.68,-2.22,31,185.0,4.48,6.91,3.21,2.15,1.12,17.6,8.2,9.4,1.12,.321,70.6,.282,.349,.425,.774,1.44,1.49,3142,6.0,101.4,17.0,3.90,26.7,141.1,31,185.0,141.1,134.1,116.6,129.4,134.2,139.0,126.3,130.8,32.7,25.7,18.0,7.5,0.2,4.8,5.8,5.4,61.6,23.6,43.8,87.1,63.1,81.0,53.2
¿Á½ºÇÁ¸µ,15k,3.68,31,3,0,31,12,10,0,0,185.0,104,92,806,200,33,0,23,66,0,10,142,0,5,4.48,4.93,1.44,112.3,99.2,3.68,-2.22,31,185.0,4.48,6.91,3.21,2.15,1.12,17.6,8.2,9.4,1.12,.321,70.6,.282,.349,.425,.774,1.44,1.49,3142,6.0,101.4,17.0,3.90,26.7,141.1,31,185.0,141.1,134.1,116.6,129.4,134.2,139.0,126.3,130.8,32.7,25.7,18.0,7.5,0.2,4.8,5.8,5.4,61.6,23.6,43.8,87.1,63.1,81.0,53.2
Àå¿øÁØ,14·Ô,3.55,27,0,0,27,10,9,0,0,155.0,87,79,674,160,27,6,15,67,1,3,107,0,9,4.59,5.07,1.47,118.8,105.0,3.55,-0.81,27,155.0,4.59,6.21,3.89,1.60,0.87,15.9,9.9,5.9,1.12,.309,68.4,.273,.348,.416,.764,1.47,1.48,2622,5.7,97.1,16.9,3.89,19.2,140.5,27,155.0,140.5,130.4,118.7,129.2,129.4,131.0,-1,129.3,47.2,24.6,10.1,16.7,0.3,0.0,0.0,1.0,60.7,26.7,42.3,90.0,60.8,80.1,45.9
À¯Èñ°ü,19µÎ,3.55,28,2,0,27,11,8,0,0,166.1,67,60,692,171,37,2,8,42,3,3,64,0,2,3.25,4.02,1.28,126.5,102.3,3.55,1.70,28,166.1,3.25,3.46,2.27,1.52,0.43,9.2,6.1,3.2,0.64,.287,72.8,.270,.315,.372,.687,1.28,1.30,2584,5.9,92.3,15.5,3.73,40.6,129.1,28,166.1,129.1,122.8,101.5,120.3,121.8,120.8,-1,-1,39.0,15.7,8.1,0.2,0.2,36.8,0.0,0.0,58.2,32.0,41.2,94.1,83.4,88.7,35.1
À¯Èñ°ü,19µÎ,3.55,28,2,0,27,11,8,0,0,166.1,67,60,692,171,37,2,8,42,3,3,64,0,2,3.25,4.02,1.28,126.5,102.3,3.55,1.70,28,166.1,3.25,3.46,2.27,1.52,0.43,9.2,6.1,3.2,0.64,.287,72.8,.270,.315,.372,.687,1.28,1.30,2584,5.9,92.3,15.5,3.73,40.6,129.1,28,166.1,129.1,122.8,101.5,120.3,121.8,120.8,-1,-1,39.0,15.7,8.1,0.2,0.2,36.8,0.0,0.0,58.2,32.0,41.2,94.1,83.4,88.7,35.1
·¹ÀÏ¸®,16·Ô,3.52,31,1,1,31,8,10,0,0,184.2,105,89,808,207,36,4,21,51,1,17,147,2,5,4.34,4.77,1.40,120.5,109.6,3.52,-1.55,31,184.2,4.34,7.16,2.49,2.88,1.02,18.2,6.3,11.9,1.07,.330,69.2,.286,.344,.433,.777,1.40,1.49,3052,6.0,98.5,16.5,3.78,26.0,142.9,31,184.2,142.9,133.1,122.6,134.1,-1,141.2,-1,-1,43.9,23.2,10.7,10.2,0.0,11.8,0.0,0.3,64.3,29.0,47.5,87.1,61.0,79.5,52.4
¹ÚÁ¾ÈÆ,17S,3.48,29,0,0,28,12,7,0,1,151.1,74,69,664,145,26,0,16,61,1,25,107,0,4,4.10,5.38,1.36,122.7,93.8,3.48,0.23,29,151.1,4.10,6.36,3.63,1.75,0.95,16.1,9.2,6.9,1.11,.287,75.3,.254,.351,.384,.735,1.36,1.53,2574,5.2,88.8,17.0,3.88,29.4,131.4,29,151.1,131.4,122.5,119.0,123.6,122.9,128.7,-1,-1,48.6,0.5,36.7,3.9,1.1,9.1,0.0,0.2,61.9,22.4,41.5,88.7,69.9,83.4,48.2
¹ÚÁ¾ÈÆ,17S,3.48,29,0,0,28,12,7,0,1,151.1,74,69,664,145,26,0,16,61,1,25,107,0,4,4.10,5.38,1.36,122.7,93.8,3.48,0.23,29,151.1,4.10,6.36,3.63,1.75,0.95,16.1,9.2,6.9,1.11,.287,75.3,.254,.351,.384,.735,1.36,1.53,2574,5.2,88.8,17.0,3.88,29.4,131.4,29,151.1,131.4,122.5,119.0,123.6,122.9,128.7,-1,-1,48.6,0.5,36.7,3.9,1.1,9.1,0.0,0.2,61.9,22.4,41.5,88.7,69.9,83.4,48.2
ÆÖµò,17K,3.46,30,1,0,29,9,7,0,0,176.0,86,81,770,211,39,3,22,39,1,16,143,0,3,4.14,4.66,1.42,120.0,107.3,3.46,0.50,30,176.0,4.14,7.31,1.99,3.67,1.13,18.6,5.1,13.5,1.03,.353,76.5,.304,.352,.463,.816,1.42,1.51,2929,5.9,97.6,16.6,3.80,30.3,143.4,30,176.0,143.4,135.0,121.8,132.9,133.4,140.0,-1,99.5,50.6,25.5,13.8,4.2,5.0,0.8,0.0,0.1,69.4,32.0,48.4,88.9,74.7,83.6,43.9
Äí¿¡¹Ù½º,19K,3.44,30,0,0,30,13,10,0,0,184.0,80,74,760,153,21,6,18,63,0,12,135,0,4,3.62,4.43,1.17,114.3,92.7,3.44,1.22,30,184.0,3.62,6.60,3.08,2.14,0.88,17.8,8.3,9.5,1.08,.257,73.0,.227,.303,.357,.659,1.17,1.24,2896,6.1,96.5,15.7,3.81,44.5,143.2,30,184.0,143.2,134.7,122.9,128.1,-1,140.6,-1,-1,18.1,19.6,14.4,18.4,0.0,29.5,0.0,0.0,66.8,32.0,48.1,88.0,66.7,80.4,46.2
´ÏÆÛÆ®,17µÎ,3.44,30,0,0,30,14,8,0,0,179.2,88,81,782,175,35,5,20,77,0,10,161,0,13,4.06,4.84,1.40,118.6,99.2,3.44,0.34,30,179.2,4.06,8.07,3.86,2.09,1.00,20.6,9.8,10.7,1.33,.308,74.4,.257,.340,.411,.750,1.40,1.46,3161,6.0,105.4,17.6,4.04,38.9,146.6,30,179.2,146.6,129.4,117.4,131.6,133.0,143.0,-1,-1,54.7,23.9,3.6,17.1,0.1,0.5,0.0,0.0,68.0,30.8,44.9,87.0,59.4,75.3,38.0
Àª½¼,19L,3.40,30,1,0,30,14,7,0,0,185.0,77,60,763,171,27,2,7,43,1,11,137,0,6,2.92,3.27,1.16,140.6,125.4,3.40,1.88,30,185.0,2.92,6.67,2.09,3.19,0.34,18.0,5.6,12.3,0.97,.294,68.8,.245,.298,.319,.617,1.16,1.22,2746,6.2,91.5,14.8,3.60,60.2,145.3,30,185.0,145.3,137.9,129.0,129.4,-1,143.2,-1,-1,10.6,12.6,28.0,6.0,0.0,42.8,0.0,0.0,64.6,34.3,48.8,89.0,65.1,80.2,48.0
Àª½¼,19L,3.40,30,1,0,30,14,7,0,0,185.0,77,60,763,171,27,2,7,43,1,11,137,0,6,2.92,3.27,1.16,140.6,125.4,3.40,1.88,30,185.0,2.92,6.67,2.09,3.19,0.34,18.0,5.6,12.3,0.97,.294,68.8,.245,.298,.319,.617,1.16,1.22,2746,6.2,91.5,14.8,3.60,60.2,145.3,30,185.0,145.3,137.9,129.0,129.4,-1,143.2,-1,-1,10.6,12.6,28.0,6.0,0.0,42.8,0.0,0.0,64.6,34.3,48.8,89.0,65.1,80.2,48.0
ÃÖ¿øÅÂ,17³Ø,3.39,25,0,0,25,11,7,0,0,149.1,76,74,637,161,24,3,19,34,0,12,126,1,5,4.46,4.63,1.31,111.5,105.6,3.39,0.70,25,149.1,4.46,7.59,2.05,3.71,1.15,19.8,5.3,14.4,1.07,.323,72.6,.276,.328,.425,.753,1.31,1.39,2350,6.0,94.0,15.7,3.69,24.3,142.7,25,149.1,142.7,128.8,118.5,125.0,-1,141.3,-1,-1,9.2,6.0,12.9,25.7,0.0,46.2,0.0,0.0,68.7,26.6,47.9,84.0,63.8,78.4,50.6
¹ÚÁ¾ÈÆ,18S,3.38,30,0,0,30,14,8,0,0,159.1,81,74,702,158,31,3,16,54,0,20,133,0,3,4.18,4.86,1.33,125.8,108.3,3.38,-0.38,30,159.1,4.18,7.51,3.05,2.46,0.90,18.9,7.7,11.3,1.17,.298,72.0,.254,.332,.391,.723,1.33,1.46,2701,5.3,90.0,17.0,3.85,33.0,131.6,30,159.1,131.6,130.0,119.1,123.8,124.6,128.5,-1,-1,41.1,0.0,42.6,3.7,0.3,12.2,0.0,0.0,62.2,26.0,43.5,87.3,66.0,80.8,48.4
ÃÖÃ¤Èï,20»ï,3.35,26,1,1,26,11,6,0,0,146.0,67,58,617,131,27,1,12,51,0,7,123,3,3,3.58,4.13,1.25,137.2,117.7,3.35,1.32,26,146.0,3.58,7.58,3.14,2.41,0.74,19.9,8.3,11.7,1.19,.282,70.8,.237,.307,.354,.662,1.25,1.30,2516,5.6,96.8,17.2,4.08,38.3,138.9,26,146.0,138.9,129.3,112.6,124.0,-1,-1,-1,-1,46.6,28.3,6.8,18.2,0.0,0.0,0.0,0.0,63.0,31.1,45.3,88.1,65.7,79.6,44.6
½ºÆ©¾îÆ®,16N,3.29,27,0,0,27,12,8,0,0,150.0,79,76,653,160,20,0,11,55,1,8,118,0,4,4.56,4.41,1.43,111.6,116.9,3.29,-0.03,27,150.0,4.56,7.08,3.30,2.15,0.66,18.1,8.4,9.6,1.15,.328,69.4,.277,.345,.369,.714,1.43,1.49,2489,5.6,92.2,16.6,3.81,22.8,144.8,27,150.0,144.8,136.8,126.3,133.7,-1,142.7,-1,126.7,30.4,24.1,5.3,21.3,0.0,18.0,0.0,0.9,63.5,26.0,44.5,89.1,64.0,81.7,49.3
À¯Èñ°ü,14µÎ,3.28,30,1,0,30,12,9,0,0,177.1,98,87,779,202,41,6,21,51,0,8,112,0,5,4.42,5.13,1.43,112.0,97.5,3.28,-0.22,30,177.1,4.42,5.68,2.59,2.20,1.07,14.4,6.5,7.8,0.92,.314,70.4,.286,.340,.450,.790,1.43,1.47,2992,5.9,99.7,16.9,3.84,24.9,131.6,30,177.1,131.6,120.3,109.1,119.7,-1,120.1,-1,122.1,52.1,10.3,12.2,16.9,0.0,7.4,0.0,1.0,53.6,29.0,40.6,89.8,70.7,82.6,47.1
µ¥½ºÆÄÀÌ³×,20K,3.21,35,0,0,34,15,8,0,0,207.2,105,100,906,233,36,1,18,68,1,8,152,0,18,4.33,4.30,1.45,110.9,110.7,3.21,0.38,35,207.2,4.33,6.59,2.95,2.24,0.78,16.8,7.5,9.3,1.06,.329,71.9,.286,.343,.398,.742,1.45,1.49,3525,5.9,100.7,17.0,3.89,34.0,148.1,35,207.2,148.1,137.9,124.5,127.9,-1,146.3,-1,-1,26.9,14.3,18.3,12.8,0.0,27.7,0.0,0.0,69.4,30.3,47.8,86.8,68.5,80.4,44.7
Â÷¿ìÂù,16»ï,3.18,24,1,0,24,12,6,0,0,152.1,87,80,671,168,30,2,16,65,0,8,120,0,5,4.73,5.02,1.53,111.5,103.9,3.18,-0.21,24,152.1,4.73,7.09,3.84,1.85,0.95,17.9,9.7,8.2,1.21,.336,70.4,.290,.365,.432,.796,1.53,1.58,2681,6.4,111.7,17.6,4.00,20.2,142.8,24,152.1,142.8,128.4,112.5,131.0,133.2,-1,-1,-1,47.9,23.7,9.4,3.3,15.6,0.0,0.0,0.0,60.8,31.9,45.2,86.0,66.2,78.5,46.1
Â÷¿ìÂù,16»ï,3.18,24,1,0,24,12,6,0,0,152.1,87,80,671,168,30,2,16,65,0,8,120,0,5,4.73,5.02,1.53,111.5,103.9,3.18,-0.21,24,152.1,4.73,7.09,3.84,1.85,0.95,17.9,9.7,8.2,1.21,.336,70.4,.290,.365,.432,.796,1.53,1.58,2681,6.4,111.7,17.6,4.00,20.2,142.8,24,152.1,142.8,128.4,112.5,131.0,133.2,-1,-1,-1,47.9,23.7,9.4,3.3,15.6,0.0,0.0,0.0,60.8,31.9,45.2,86.0,66.2,78.5,46.1
ÇÇ¾î¹êµå,15³Ø,3.10,30,0,0,30,13,11,0,0,177.1,101,92,774,202,34,7,23,61,1,12,137,3,7,4.67,4.97,1.48,106.6,100.0,3.10,-1.35,30,177.1,4.67,6.95,3.10,2.25,1.17,17.7,7.9,9.8,1.12,.338,71.7,.294,.360,.464,.825,1.48,1.55,2897,5.9,96.6,16.3,3.74,23.4,141.5,30,177.1,141.5,129.5,118.1,127.1,-1,139.5,-1,123.0,55.0,15.6,6.7,20.5,0.0,0.1,0.0,2.1,65.4,25.3,46.3,84.5,60.6,78.3,52.2
ÃÖ¿øÅÂ,19Å°,3.10,27,0,0,27,11,5,0,0,157.1,68,59,666,165,28,2,5,36,0,5,105,0,5,3.38,3.26,1.28,122.6,127.1,3.10,0.60,27,157.1,3.38,6.01,2.06,2.92,0.29,15.8,5.4,10.4,0.90,.314,69.3,.268,.312,.344,.656,1.28,1.31,2447,5.8,90.6,15.6,3.67,41.2,142.7,27,157.1,142.7,134.1,118.5,127.4,-1,140.6,-1,-1,1.1,12.0,11.3,23.9,0.0,51.8,0.0,0.0,67.5,28.7,47.0,88.4,68.5,82.0,47.1
ÃÖ¿øÅÂ,19Å°,3.10,27,0,0,27,11,5,0,0,157.1,68,59,666,165,28,2,5,36,0,5,105,0,5,3.38,3.26,1.28,122.6,127.1,3.10,0.60,27,157.1,3.38,6.01,2.06,2.92,0.29,15.8,5.4,10.4,0.90,.314,69.3,.268,.312,.344,.656,1.28,1.31,2447,5.8,90.6,15.6,3.67,41.2,142.7,27,157.1,142.7,134.1,118.5,127.4,-1,140.6,-1,-1,1.1,12.0,11.3,23.9,0.0,51.8,0.0,0.0,67.5,28.7,47.0,88.4,68.5,82.0,47.1
ÀÌ¿µÇÏ,19µÎ,3.03,29,1,0,27,17,4,0,0,163.1,70,66,692,148,28,5,5,61,1,10,90,2,5,3.64,3.99,1.28,112.9,103.4,3.03,3.13,29,163.1,3.64,4.96,3.36,1.48,0.28,13.0,8.8,4.2,0.92,.273,70.3,.242,.318,.329,.647,1.28,1.34,2646,5.6,91.2,16.2,3.82,41.7,144.5,29,163.1,144.5,134.5,117.9,-1,129.8,143.1,-1,-1,49.0,32.7,1.8,0.0,13.1,3.4,0.0,0.0,66.8,30.3,45.3,88.9,68.8,81.0,41.2
½ºÆ®·¹ÀÏ¸®,21·Ô,3.02,31,0,0,31,10,12,0,0,165.2,85,75,714,162,25,2,12,66,0,8,164,1,8,4.07,3.63,1.38,111.5,122.8,3.02,0.14,31,165.2,4.07,8.91,3.59,2.49,0.65,23.0,9.2,13.7,1.39,.328,68.9,.259,.333,.363,.696,1.38,1.43,2968,5.3,95.7,17.9,4.16,34.2,145.9,31,165.2,145.9,135.9,122.4,136.0,-1,142.4,-1,-1,45.1,34.0,5.9,14.9,0.0,0.2,0.0,0.0,65.7,31.1,46.0,84.8,58.1,74.5,43.0
¹ÝÁî,22·Ô,3.01,31,0,0,31,12,12,0,0,186.1,87,75,788,175,27,5,8,47,1,18,160,0,7,3.62,3.21,1.19,114.9,127.4,3.01,0.56,31,186.1,3.62,7.73,2.27,3.40,0.39,20.3,6.0,14.3,1.11,.306,66.9,.247,.308,.333,.641,1.19,1.29,2945,6.0,95.0,15.8,3.74,46.2,143.7,31,186.1,143.7,128.5,116.9,127.5,-1,142.4,-1,-1,38.1,28.3,2.2,20.1,0.0,11.2,0.0,0.0,60.7,33.2,45.0,86.8,58.5,74.9,43.1
¹ÝÁî,22·Ô,3.01,31,0,0,31,12,12,0,0,186.1,87,75,788,175,27,5,8,47,1,18,160,0,7,3.62,3.21,1.19,114.9,127.4,3.01,0.56,31,186.1,3.62,7.73,2.27,3.40,0.39,20.3,6.0,14.3,1.11,.306,66.9,.247,.308,.333,.641,1.19,1.29,2945,6.0,95.0,15.8,3.74,46.2,143.7,31,186.1,143.7,128.5,116.9,127.5,-1,142.4,-1,-1,38.1,28.3,2.2,20.1,0.0,11.2,0.0,0.0,60.7,33.2,45.0,86.8,58.5,74.9,43.1
»ù½¼,18ÇÑ,2.97,30,0,0,29,13,8,0,0,161.2,91,84,703,144,26,1,17,79,0,5,195,2,18,4.68,4.35,1.38,113.3,123.2,2.97,-0.70,30,161.2,4.68,10.86,4.40,2.47,0.95,27.7,11.2,16.5,1.70,.313,67.1,.234,.325,.363,.687,1.38,1.41,3047,5.4,101.6,18.9,4.33,29.3,148.3,30,161.2,148.3,137.6,122.7,133.0,133.1,144.9,-1,-1,49.6,15.1,13.8,17.2,0.5,3.9,0.0,0.0,68.2,29.3,45.3,79.2,57.1,70.8,41.1
ÇíÅÍ,18K,2.96,29,1,0,29,11,10,0,0,174.0,102,89,753,209,31,0,25,36,2,4,137,1,4,4.60,4.78,1.41,111.5,107.9,2.96,-1.24,29,174.0,4.60,7.09,1.86,3.81,1.29,18.2,4.8,13.4,0.99,.338,68.7,.298,.334,.449,.783,1.41,1.43,2871,6.0,99.0,16.5,3.81,22.7,146.2,29,174.0,146.2,138.0,124.4,135.5,-1,142.9,-1,-1,41.2,21.1,11.7,18.6,0.0,7.3,0.0,0.0,71.4,35.4,51.0,85.2,69.8,79.2,43.3
ÆùÆ®,21S,2.94,26,0,0,26,8,5,0,0,145.2,66,56,604,114,22,1,12,45,1,6,157,1,2,3.46,3.28,1.09,129.7,139.2,2.94,0.56,26,145.2,3.46,9.70,2.78,3.49,0.74,26.0,7.5,18.5,1.39,.271,66.8,.211,.277,.322,.599,1.09,1.13,2526,5.6,97.2,17.3,4.18,40.5,149.3,26,145.2,149.3,131.7,117.7,132.6,130.9,145.4,-1,-1,53.8,20.0,16.2,0.6,2.4,7.0,0.0,0.0,64.3,34.3,48.0,83.8,67.9,77.7,45.8
±è¹Î¿ì,21ÇÑ,2.93,29,0,0,28,14,10,0,0,155.1,71,69,662,131,23,1,15,76,1,7,125,1,5,4.00,4.56,1.33,109.6,97.7,2.93,0.39,29,155.1,4.00,7.24,4.40,1.65,0.87,18.9,11.5,7.4,1.29,.267,74.1,.230,.325,.353,.679,1.33,1.38,2666,5.4,91.9,17.2,4.03,35.2,140.4,29,155.1,140.4,127.6,112.9,-1,131.6,-1,-1,-1,45.4,7.5,13.8,0.0,33.2,0.0,0.0,0.0,65.8,26.7,43.5,86.9,63.1,78.5,43.0
Àå¿øÁØ,15µÎ,2.89,30,1,0,30,12,12,0,0,169.2,86,77,748,182,35,2,13,68,1,14,128,0,4,4.08,4.54,1.47,114.8,104.1,2.89,-0.53,30,169.2,4.08,6.79,3.61,1.88,0.69,17.1,9.1,8.0,1.16,.330,72.4,.281,.359,.401,.760,1.47,1.56,2942,5.7,98.1,17.3,3.93,32.6,140.7,30,169.2,140.7,131.2,118.1,129.1,-1,140.0,-1,-1,45.3,27.4,10.9,15.6,0.0,0.0,0.0,0.8,61.6,27.1,43.5,89.1,58.2,79.0,47.4
°¡´¨,20K,2.84,28,0,0,28,11,8,0,0,159.2,86,77,702,162,33,8,7,64,0,9,141,0,13,4.34,3.73,1.42,110.6,129.2,2.84,-0.55,28,159.2,4.34,7.95,3.61,2.20,0.40,20.1,9.1,11.0,1.28,.326,66.2,.264,.338,.379,.716,1.42,1.47,2809,5.7,100.3,17.6,4.00,27.9,144.7,28,159.2,144.7,134.3,123.9,128.3,-1,144.0,-1,-1,35.2,17.0,7.0,25.0,0.0,15.8,0.0,0.0,66.6,31.2,46.4,84.0,59.6,74.6,43.0
ÇÑÇöÈñ,18³Ø,2.83,30,0,0,28,11,7,0,0,169.0,98,90,756,208,42,3,22,49,0,20,105,0,6,4.79,5.51,1.52,107.5,92.8,2.83,-1.36,30,169.0,4.79,5.59,2.61,2.14,1.17,13.9,6.5,7.4,0.91,.335,72.7,.307,.369,.476,.845,1.52,1.64,2790,5.6,93.0,16.5,3.69,16.0,143.5,30,169.0,143.5,131.3,121.0,131.8,136.5,-1,-1,-1,54.6,35.8,0.1,7.7,1.8,0.0,0.0,0.0,71.5,27.4,46.8,91.2,69.1,83.9,43.8
¾Æµ¨¸¸,18»ï,2.81,31,0,0,31,8,12,0,0,171.0,101,96,758,202,39,1,20,54,0,11,137,1,7,5.05,4.89,1.50,105.0,107.1,2.81,-1.15,31,171.0,5.05,7.21,2.84,2.54,1.05,18.1,7.1,10.9,1.12,.343,69.5,.296,.355,.444,.799,1.50,1.56,3070,5.5,99.0,18.0,4.05,11.2,143.1,31,171.0,143.1,138.8,116.8,132.3,-1,141.0,-1,-1,47.5,6.0,16.5,23.4,0.0,6.6,0.0,0.0,66.3,30.3,45.9,87.0,70.0,80.6,43.4
ºê¸®°Ë,17³Ø,2.74,24,0,0,24,10,6,0,0,144.0,77,70,619,166,21,4,17,26,0,13,98,0,8,4.38,4.72,1.33,113.7,103.6,2.74,0.48,24,144.0,4.38,6.13,1.63,3.77,1.06,15.8,4.2,11.6,0.86,.323,70.6,.289,.333,.428,.761,1.33,1.42,2249,6.0,93.7,15.6,3.63,21.8,144.6,24,144.0,144.6,133.1,123.3,135.5,134.7,143.0,-1,-1,18.1,29.2,12.8,0.5,7.3,32.1,0.0,0.0,66.9,32.1,48.3,91.9,56.2,79.2,46.6
ºê¸®°Ë,17³Ø,2.74,24,0,0,24,10,6,0,0,144.0,77,70,619,166,21,4,17,26,0,13,98,0,8,4.38,4.72,1.33,113.7,103.6,2.74,0.48,24,144.0,4.38,6.13,1.63,3.77,1.06,15.8,4.2,11.6,0.86,.323,70.6,.289,.333,.428,.761,1.33,1.42,2249,6.0,93.7,15.6,3.63,21.8,144.6,24,144.0,144.6,133.1,123.3,135.5,134.7,143.0,-1,-1,18.1,29.2,12.8,0.5,7.3,32.1,0.0,0.0,66.9,32.1,48.3,91.9,56.2,79.2,46.6
ºê¸®°Ë,17³Ø,2.74,24,0,0,24,10,6,0,0,144.0,77,70,619,166,21,4,17,26,0,13,98,0,8,4.38,4.72,1.33,113.7,103.6,2.74,0.48,24,144.0,4.38,6.13,1.63,3.77,1.06,15.8,4.2,11.6,0.86,.323,70.6,.289,.333,.428,.761,1.33,1.42,2249,6.0,93.7,15.6,3.63,21.8,144.6,24,144.0,144.6,133.1,123.3,135.5,134.7,143.0,-1,-1,18.1,29.2,12.8,0.5,7.3,32.1,0.0,0.0,66.9,32.1,48.3,91.9,56.2,79.2,46.6
ºê¸®°Ë,17³Ø,2.74,24,0,0,24,10,6,0,0,144.0,77,70,619,166,21,4,17,26,0,13,98,0,8,4.38,4.72,1.33,113.7,103.6,2.74,0.48,24,144.0,4.38,6.13,1.63,3.77,1.06,15.8,4.2,11.6,0.86,.323,70.6,.289,.333,.428,.761,1.33,1.42,2249,6.0,93.7,15.6,3.63,21.8,144.6,24,144.0,144.6,133.1,123.3,135.5,134.7,143.0,-1,-1,18.1,29.2,12.8,0.5,7.3,32.1,0.0,0.0,66.9,32.1,48.3,91.9,56.2,79.2,46.6
¸°µåºí·³,16·Ô,2.69,30,1,0,30,10,13,0,0,177.1,109,104,791,197,36,6,28,77,0,9,148,0,7,5.28,5.63,1.55,99.0,92.9,2.69,-1.77,30,177.1,5.28,7.51,3.91,1.92,1.42,18.7,9.7,9.0,1.27,.323,71.4,.284,.361,.473,.834,1.55,1.60,3106,5.9,103.5,17.5,3.93,9.5,146.0,30,177.1,146.0,133.8,116.2,132.0,131.8,144.1,-1,131.0,49.6,22.3,6.1,6.1,7.3,8.4,0.0,0.1,67.8,25.3,47.0,86.0,58.7,78.8,51.1
ÀÌÀçÇÐ,18N,2.67,29,1,0,29,5,13,0,0,152.1,87,81,658,157,27,2,13,49,2,10,116,0,6,4.79,4.54,1.35,108.4,115.4,2.67,-1.06,29,152.1,4.79,6.85,2.90,2.37,0.77,17.6,7.4,10.2,1.08,.309,65.2,.266,.330,.384,.714,1.35,1.42,2740,5.3,94.5,18.0,4.16,11.8,138.2,29,152.1,138.2,120.2,116.9,123.2,-1,135.1,-1,-1,43.3,7.8,0.3,45.7,0.0,3.0,0.0,0.0,71.9,33.2,49.9,84.2,65.3,77.0,43.1
Äí¿¡¹Ù½º,20K,2.64,27,0,0,27,10,8,0,0,158.0,80,72,668,152,26,1,16,46,0,9,110,0,4,4.10,4.52,1.25,117.1,105.1,2.64,-0.29,27,158.0,4.10,6.27,2.62,2.39,0.91,16.5,6.9,9.6,0.99,.282,68.8,.253,.312,.380,.692,1.25,1.31,2518,5.9,93.3,15.9,3.77,28.0,142.3,27,158.0,142.3,136.1,124.3,129.5,-1,140.7,-1,-1,28.2,23.7,11.9,18.1,0.0,18.2,0.0,0.0,65.6,34.1,48.4,87.0,69.6,80.3,45.2
Äí¿¡¹Ù½º,20K,2.64,27,0,0,27,10,8,0,0,158.0,80,72,668,152,26,1,16,46,0,9,110,0,4,4.10,4.52,1.25,117.1,105.1,2.64,-0.29,27,158.0,4.10,6.27,2.62,2.39,0.91,16.5,6.9,9.6,0.99,.282,68.8,.253,.312,.380,.692,1.25,1.31,2518,5.9,93.3,15.9,3.77,28.0,142.3,27,158.0,142.3,136.1,124.3,129.5,-1,140.7,-1,-1,28.2,23.7,11.9,18.1,0.0,18.2,0.0,0.0,65.6,34.1,48.4,87.0,69.6,80.3,45.2
¼Ò»ç,16L,2.63,33,0,0,33,10,9,0,0,199.0,121,114,870,258,47,8,12,38,2,9,107,0,6,5.16,4.18,1.49,98.6,121.0,2.63,-2.01,33,199.0,5.16,4.84,1.72,2.82,0.54,12.3,4.4,7.9,0.73,.355,63.8,.319,.355,.442,.797,1.49,1.53,3167,6.0,96.0,15.9,3.64,6.2,149.8,33,199.0,149.8,136.2,127.4,129.7,132.5,148.2,-1,121.0,57.1,23.1,4.2,0.8,12.4,2.2,0.0,0.2,71.8,28.5,51.8,87.3,69.5,82.8,53.9
¾ËÄ­Å¸¶ó,19K,2.60,27,1,0,27,11,11,0,0,172.2,80,77,724,189,39,3,15,27,0,8,100,2,2,4.01,3.98,1.25,103.1,103.3,2.60,0.88,27,172.2,4.01,5.21,1.41,3.70,0.78,13.8,3.7,10.1,0.74,.307,70.9,.278,.313,.410,.723,1.25,1.30,2574,6.4,95.3,14.9,3.56,30.3,150.5,27,172.2,150.5,136.8,127.9,135.9,136.0,148.4,-1,-1,32.9,16.4,4.6,16.6,0.1,29.5,0.0,0.0,71.9,34.3,52.7,88.8,75.7,84.4,48.9
¾Ù¹ö½º,14ÇÑ,2.56,28,1,1,28,6,13,0,0,151.1,108,99,673,200,35,7,18,40,0,4,107,0,9,5.89,4.86,1.59,92.1,108.8,2.56,-3.69,28,151.1,5.89,6.36,2.38,2.68,1.07,15.9,5.9,10.0,0.97,.366,62.2,.326,.366,.494,.860,1.59,1.61,2579,5.4,92.1,17.0,3.83,-6.6,135.6,28,151.1,135.6,125.8,110.5,120.5,123.0,130.8,-1,122.7,64.6,15.6,7.3,11.9,0.0,0.3,0.0,0.4,60.6,26.1,44.4,91.9,66.5,84.9,53.0
¹®½Â¿ø,18S,2.41,31,0,0,27,8,9,1,1,150.2,86,77,656,180,33,2,24,37,0,4,122,0,4,4.60,5.10,1.44,114.3,104.0,2.41,-1.49,31,150.2,4.60,7.29,2.21,3.30,1.43,18.6,5.6,13.0,1.06,.336,72.0,.296,.340,.475,.815,1.44,1.47,2509,4.9,80.9,16.7,3.83,18.5,143.9,31,150.2,143.9,135.5,122.2,129.0,132.8,140.9,-1,-1,45.0,29.2,14.9,8.1,1.5,1.4,0.0,0.0,65.7,27.7,45.3,86.1,64.0,78.9,46.4
°ûºó,22µÎ,2.36,27,0,0,27,8,9,0,0,147.2,69,62,645,143,30,0,13,60,1,11,138,1,9,3.78,4.04,1.38,105.3,98.3,2.36,0.45,27,147.2,3.78,8.41,3.66,2.30,0.79,21.4,9.3,12.1,1.34,.313,74.1,.253,.335,.375,.711,1.38,1.45,2565,5.5,95.0,17.4,3.98,33.6,147.6,27,147.2,147.6,137.2,118.5,130.7,133.4,-1,-1,-1,46.1,24.0,11.4,8.0,10.5,0.0,0.0,0.0,63.6,30.9,45.0,83.0,63.9,75.5,43.0
À¯Èñ°ü,17µÎ,2.33,30,2,1,29,11,6,0,1,188.2,104,95,822,228,37,3,20,41,1,10,106,1,5,4.53,4.78,1.43,106.2,100.6,2.33,-1.03,30,188.2,4.53,5.06,1.96,2.59,0.95,12.9,5.0,7.9,0.78,.329,69.7,.304,.345,.441,.786,1.43,1.48,3010,6.3,100.3,16.0,3.66,20.9,128.9,30,188.2,128.9,121.5,102.3,-1,-1,120.6,-1,103.5,43.7,13.1,7.3,0.0,0.0,35.9,0.0,0.1,58.8,32.5,42.6,93.5,82.0,88.1,38.5
·ùÁ¦±¹,14L,2.31,27,0,0,27,9,7,0,0,147.2,100,84,661,146,29,6,13,58,3,13,128,0,9,5.12,4.65,1.38,96.7,108.5,2.31,-2.26,27,147.2,5.12,7.80,3.54,2.21,0.79,19.4,8.8,10.6,1.26,.301,58.9,.251,.332,.389,.721,1.38,1.47,2641,5.5,97.8,17.9,4.00,11.6,141.6,27,147.2,141.6,130.0,115.1,130.0,130.9,140.8,-1,128.9,51.3,7.8,15.1,15.0,1.2,9.2,0.0,0.3,62.7,25.9,44.1,87.5,61.3,79.7,49.4
º£·¿,18N,2.22,29,0,0,29,6,10,0,0,155.0,94,91,698,178,31,2,24,59,0,9,144,1,10,5.28,5.30,1.53,98.2,99.1,2.22,-2.29,29,155.0,5.28,8.36,3.43,2.44,1.39,20.6,8.5,12.2,1.31,.337,71.6,.289,.355,.463,.818,1.53,1.59,2682,5.3,92.5,17.3,3.84,6.9,144.3,29,155.0,144.3,136.3,127.6,134.5,-1,141.7,-1,141.0,31.9,25.2,8.7,17.2,0.0,17.1,0.0,0.0,68.6,32.5,47.5,86.4,58.5,75.2,41.4
·ÎÄ¡,17k,2.21,28,1,0,28,4,15,0,0,165.0,106,86,743,200,33,3,18,60,0,13,99,1,10,4.69,5.28,1.58,108.0,94.3,2.21,-2.37,28,165.0,4.69,5.40,3.27,1.65,0.98,13.3,8.1,5.2,0.96,.334,67.4,.304,.371,.446,.817,1.58,1.66,2693,5.9,96.2,16.3,3.62,10.4,145.5,28,165.0,145.5,140.3,123.2,138.0,136.8,144.5,-1,-1,11.3,2.7,25.0,0.4,7.9,52.7,0.0,0.0,67.0,29.4,46.6,91.0,65.8,82.4,45.7
ÀÌÅÂ¾ç,14ÇÑ,2.20,30,0,0,26,7,10,0,0,153.0,100,90,677,183,31,6,27,41,2,7,96,1,10,5.29,5.80,1.46,102.5,91.2,2.20,-1.25,30,153.0,5.29,5.65,2.41,2.34,1.59,14.2,6.1,8.1,0.90,.313,67.8,.298,.345,.499,.844,1.46,1.51,2646,5.1,88.2,17.3,3.91,3.1,141.7,30,153.0,141.7,128.2,116.2,126.5,127.8,-1,-1,-1,57.3,8.0,7.3,1.1,26.3,0.0,0.0,0.0,66.4,25.5,46.4,91.3,59.6,82.8,51.2
½ºÆ¾½¼,15K,2.19,32,0,0,30,11,10,0,0,167.0,100,92,756,190,30,6,15,64,0,14,93,0,4,4.96,5.07,1.52,99.5,97.3,2.19,-2.21,32,167.0,4.96,5.01,3.45,1.45,0.81,12.3,8.5,3.8,0.94,.314,68.0,.288,.361,.420,.780,1.52,1.61,2842,5.2,88.8,17.0,3.76,11.8,143.5,32,167.0,143.5,137.6,123.2,133.7,131.0,142.5,-1,138.0,54.2,15.1,11.9,4.7,0.0,9.6,0.0,4.5,66.0,24.9,44.1,90.8,72.1,85.2,46.7
½ºÆ¾½¼,15K,2.19,32,0,0,30,11,10,0,0,167.0,100,92,756,190,30,6,15,64,0,14,93,0,4,4.96,5.07,1.52,99.5,97.3,2.19,-2.21,32,167.0,4.96,5.01,3.45,1.45,0.81,12.3,8.5,3.8,0.94,.314,68.0,.288,.361,.420,.780,1.52,1.61,2842,5.2,88.8,17.0,3.76,11.8,143.5,32,167.0,143.5,137.6,123.2,133.7,131.0,142.5,-1,138.0,54.2,15.1,11.9,4.7,0.0,9.6,0.0,4.5,66.0,24.9,44.1,90.8,72.1,85.2,46.7
¹éÁ¤Çö,19»ï,2.07,28,1,1,27,8,10,0,0,157.0,85,74,677,158,29,4,17,56,0,6,82,0,4,4.24,4.95,1.36,102.3,86.3,2.07,-0.65,28,157.0,4.24,4.70,3.21,1.46,0.98,12.1,8.3,3.8,0.88,.274,68.8,.260,.326,.405,.731,1.36,1.40,2543,5.6,90.8,16.2,3.76,20.7,137.3,28,157.0,137.3,129.0,110.3,129.4,-1,-1,-1,-1,47.9,20.4,7.9,23.8,0.0,0.0,0.0,0.0,68.3,28.7,46.6,88.8,75.7,84.4,45.3
´ÙÀÍ¼Õ,19S·Ô,2.06,29,0,0,28,6,10,0,0,149.1,81,72,649,164,23,3,15,40,1,6,117,1,4,4.34,4.05,1.37,97.3,104.9,2.06,-0.58,29,149.1,4.34,7.05,2.41,2.93,0.90,18.0,6.2,11.9,1.05,.319,68.3,.278,.326,.403,.729,1.37,1.41,2569,5.2,88.6,17.2,3.96,20.4,144.3,29,149.1,144.3,131.7,121.1,130.4,129.6,141.1,-1,-1,59.1,29.1,8.1,2.0,1.3,0.4,0.0,0.0,69.8,32.8,49.9,88.7,66.4,80.8,46.2
Ä«ÆæÅÍ,21ÇÑ,2.01,31,0,0,30,5,12,0,0,170.0,90,75,746,150,21,3,16,72,0,19,179,1,7,3.97,4.06,1.31,110.3,109.7,2.01,0.53,31,170.0,3.97,9.48,3.81,2.49,0.85,24.0,9.7,14.3,1.48,.297,69.1,.234,.327,.351,.677,1.31,1.42,2999,5.5,96.7,17.6,4.02,32.9,144.4,31,170.0,144.4,130.6,121.1,130.9,-1,-1,-1,-1,42.9,33.6,8.3,15.1,0.0,0.0,0.0,0.0,60.2,30.1,43.2,86.3,58.6,75.4,43.5
Ä«ÆæÅÍ,21ÇÑ,2.01,31,0,0,30,5,12,0,0,170.0,90,75,746,150,21,3,16,72,0,19,179,1,7,3.97,4.06,1.31,110.3,109.7,2.01,0.53,31,170.0,3.97,9.48,3.81,2.49,0.85,24.0,9.7,14.3,1.48,.297,69.1,.234,.327,.351,.677,1.31,1.42,2999,5.5,96.7,17.6,4.02,32.9,144.4,31,170.0,144.4,130.6,121.1,130.9,-1,-1,-1,-1,42.9,33.6,8.3,15.1,0.0,0.0,0.0,0.0,60.2,30.1,43.2,86.3,58.6,75.4,43.5
¶óÀÌÆ®,20N,2.01,29,0,0,29,11,9,0,0,157.2,87,82,696,164,27,2,12,63,0,10,125,2,5,4.68,4.35,1.44,104.4,111.0,2.01,-1.57,29,157.2,4.68,7.14,3.60,1.98,0.69,18.0,9.1,8.9,1.19,.316,68.1,.266,.343,.374,.717,1.44,1.50,2789,5.4,96.2,17.7,4.01,20.3,147.0,29,157.2,147.0,137.7,117.6,127.8,-1,143.0,-1,-1,39.5,33.3,3.6,11.8,0.0,11.8,0.0,0.0,68.3,28.1,46.6,86.1,71.1,81.2,46.1
±è¹Î¿ì,22ÇÑ,1.99,29,1,0,29,6,11,0,0,163.0,82,79,711,143,40,1,16,84,8,8,129,0,13,4.36,4.58,1.39,92.8,89.1,1.99,0.53,29,163.0,4.36,7.12,4.64,1.54,0.88,18.1,11.8,6.3,1.31,.274,72.0,.237,.336,.386,.722,1.39,1.44,2753,5.6,94.9,16.9,3.87,21.4,141.4,29,163.0,141.4,125.8,114.5,132.9,131.9,-1,-1,-1,46.8,9.2,17.1,0.4,26.5,0.0,0.0,0.0,65.0,29.8,43.7,85.3,66.9,77.7,39.6
ÀÓ±â¿µ,21K,1.98,28,0,0,28,8,8,0,0,153.0,85,83,662,155,29,1,15,45,0,11,129,2,6,4.88,4.02,1.31,91.1,110.6,1.98,-0.13,28,153.0,4.88,7.59,2.65,2.87,0.88,19.5,6.8,12.7,1.14,.307,66.3,.262,.322,.390,.712,1.31,1.38,2522,5.5,90.1,16.5,3.81,14.4,138.1,28,153.0,138.1,128.7,120.9,124.6,-1,135.2,-1,-1,44.3,17.8,0.9,31.6,0.0,5.4,0.0,0.0,67.4,31.3,47.4,87.4,68.3,80.4,44.4
Å»º¸Æ®,15ÇÑ,1.98,30,1,0,30,10,11,0,0,156.1,93,82,695,153,26,1,11,85,4,13,120,4,11,4.72,4.80,1.52,105.5,102.6,1.98,-1.61,30,156.1,4.72,6.91,4.89,1.41,0.63,17.3,12.2,5.0,1.31,.312,67.1,.262,.367,.367,.734,1.52,1.61,2807,5.2,93.6,18.0,4.04,18.2,143.7,30,156.1,143.7,137.1,124.9,128.0,-1,141.9,-1,123.7,41.1,15.9,13.2,21.6,0.0,5.3,0.0,2.9,61.0,25.2,42.8,88.5,55.3,78.5,49.1
Å»º¸Æ®,15ÇÑ,1.98,30,1,0,30,10,11,0,0,156.1,93,82,695,153,26,1,11,85,4,13,120,4,11,4.72,4.80,1.52,105.5,102.6,1.98,-1.61,30,156.1,4.72,6.91,4.89,1.41,0.63,17.3,12.2,5.0,1.31,.312,67.1,.262,.367,.367,.734,1.52,1.61,2807,5.2,93.6,18.0,4.04,18.2,143.7,30,156.1,143.7,137.1,124.9,128.0,-1,141.9,-1,123.7,41.1,15.9,13.2,21.6,0.0,5.3,0.0,2.9,61.0,25.2,42.8,88.5,55.3,78.5,49.1
À¯¸Õ,14·Ô,1.95,28,0,0,28,12,10,0,0,151.2,109,100,701,196,22,6,20,63,0,3,84,0,3,5.93,5.77,1.71,91.9,92.8,1.95,-3.17,28,151.2,5.93,4.99,3.74,1.33,1.19,12.0,9.0,3.0,0.97,.344,65.4,.322,.385,.476,.861,1.71,1.73,2599,5.4,92.8,17.1,3.71,-3.8,140.5,28,151.2,140.5,128.8,122.5,128.3,-1,134.5,-1,126.7,63.3,15.1,0.6,20.9,0.0,0.1,0.0,0.2,70.3,27.3,47.7,87.3,67.4,81.3,47.3
À¯¸Õ,14·Ô,1.95,28,0,0,28,12,10,0,0,151.2,109,100,701,196,22,6,20,63,0,3,84,0,3,5.93,5.77,1.71,91.9,92.8,1.95,-3.17,28,151.2,5.93,4.99,3.74,1.33,1.19,12.0,9.0,3.0,0.97,.344,65.4,.322,.385,.476,.861,1.71,1.73,2599,5.4,92.8,17.1,3.71,-3.8,140.5,28,151.2,140.5,128.8,122.5,128.3,-1,134.5,-1,126.7,63.3,15.1,0.6,20.9,0.0,0.1,0.0,0.2,70.3,27.3,47.7,87.3,67.4,81.3,47.3
¹ÚÁ¾ÈÆ,20S,1.90,29,0,0,28,13,11,0,0,157.1,90,84,691,146,21,3,14,78,1,22,134,0,5,4.81,4.90,1.42,100.4,99.5,1.90,-1.54,29,157.1,4.81,7.67,4.46,1.72,0.80,19.4,11.3,8.1,1.35,.299,68.9,.249,.357,.366,.723,1.42,1.56,2861,5.4,98.7,18.2,4.14,21.1,134.1,29,157.1,134.1,125.0,120.2,123.1,-1,131.5,-1,-1,28.5,0.0,40.0,6.3,0.0,25.2,0.0,0.0,63.1,26.1,43.7,86.8,67.8,80.8,47.3
±Ý¹ÎÃ¶,18K,1.89,29,0,0,29,8,12,0,0,156.1,104,94,720,212,30,1,19,68,1,7,79,0,10,5.41,5.82,1.79,97.9,89.2,1.89,-3.08,29,156.1,5.41,4.55,3.92,1.16,1.09,11.0,9.4,1.5,0.94,.359,70.3,.335,.404,.476,.880,1.79,1.84,2695,5.4,92.9,17.2,3.74,0.1,133.0,29,156.1,133.0,131.5,111.1,-1,125.8,-1,-1,-1,0.0,69.5,27.7,0.0,2.7,0.0,0.0,0.0,63.3,27.3,43.8,93.0,74.4,86.7,45.9
±Ý¹ÎÃ¶,18K,1.89,29,0,0,29,8,12,0,0,156.1,104,94,720,212,30,1,19,68,1,7,79,0,10,5.41,5.82,1.79,97.9,89.2,1.89,-3.08,29,156.1,5.41,4.55,3.92,1.16,1.09,11.0,9.4,1.5,0.94,.359,70.3,.335,.404,.476,.880,1.79,1.84,2695,5.4,92.9,17.2,3.74,0.1,133.0,29,156.1,133.0,131.5,111.1,-1,125.8,-1,-1,-1,0.0,69.5,27.7,0.0,2.7,0.0,0.0,0.0,63.3,27.3,43.8,93.0,74.4,86.7,45.9
»êÃ¼½º,18S,1.88,29,0,0,26,8,8,0,1,145.1,90,79,632,161,21,3,26,39,1,7,124,0,12,4.89,5.38,1.38,107.5,98.8,1.88,-1.34,29,145.1,4.89,7.68,2.42,3.18,1.61,19.6,6.2,13.4,1.12,.313,68.6,.277,.330,.457,.787,1.38,1.42,2467,5.0,85.1,17.0,3.90,14.1,150.7,29,145.1,150.7,143.6,128.9,140.0,136.6,147.1,-1,-1,50.9,21.5,11.3,12.8,2.9,0.6,0.0,0.0,72.3,30.7,51.0,85.1,55.4,75.9,48.8
¹Ú¼¼¿õ,22·Ô,1.87,28,0,0,28,10,11,0,0,157.1,80,66,679,180,32,4,8,32,1,8,146,0,7,3.78,2.89,1.35,110.3,141.6,1.87,-0.14,28,157.1,3.78,8.35,1.83,4.56,0.46,21.5,4.7,16.8,1.13,.361,67.1,.286,.328,.387,.715,1.35,1.40,2599,5.6,92.8,16.5,3.83,37.3,146.5,28,157.1,146.5,137.4,122.0,-1,132.8,-1,-1,-1,42.4,28.1,19.1,0.0,10.4,0.0,0.0,0.0,64.2,35.5,47.6,86.9,58.5,74.6,42.1
º¸´Ï¾ß,18»ï,1.77,29,0,0,29,7,10,0,0,168.0,111,99,752,193,40,2,23,63,1,12,151,1,9,5.30,5.14,1.52,100.0,102.2,1.77,-1.92,29,168.0,5.30,8.09,3.38,2.40,1.23,20.1,8.4,11.7,1.27,.343,66.6,.290,.360,.460,.820,1.52,1.60,2931,5.8,101.1,17.5,3.90,7.1,145.5,29,168.0,145.5,128.6,122.0,134.3,127.2,143.2,-1,-1,32.9,1.0,26.3,28.1,2.3,9.3,0.0,0.0,60.1,30.3,43.2,89.4,62.5,78.7,43.2
º¸´Ï¾ß,18»ï,1.77,29,0,0,29,7,10,0,0,168.0,111,99,752,193,40,2,23,63,1,12,151,1,9,5.30,5.14,1.52,100.0,102.2,1.77,-1.92,29,168.0,5.30,8.09,3.38,2.40,1.23,20.1,8.4,11.7,1.27,.343,66.6,.290,.360,.460,.820,1.52,1.60,2931,5.8,101.1,17.5,3.90,7.1,145.5,29,168.0,145.5,128.6,122.0,134.3,127.2,143.2,-1,-1,32.9,1.0,26.3,28.1,2.3,9.3,0.0,0.0,60.1,30.3,43.2,89.4,62.5,78.7,43.2
¾çÇöÁ¾,22K,1.68,30,0,0,30,12,7,0,0,175.1,86,75,743,170,33,3,14,50,1,3,141,0,3,3.85,3.66,1.26,105.9,112.1,1.68,0.27,30,175.1,3.85,7.24,2.57,2.82,0.72,19.0,6.7,12.2,1.09,.297,67.4,.253,.304,.374,.677,1.26,1.27,2856,5.8,95.2,16.3,3.84,38.8,142.4,30,175.1,142.4,128.4,118.2,128.6,-1,134.0,-1,-1,52.1,22.3,4.1,21.4,0.0,0.0,0.0,0.0,66.1,34.7,49.0,87.8,66.0,79.4,45.6
¾çÇöÁ¾,22K,1.68,30,0,0,30,12,7,0,0,175.1,86,75,743,170,33,3,14,50,1,3,141,0,3,3.85,3.66,1.26,105.9,112.1,1.68,0.27,30,175.1,3.85,7.24,2.57,2.82,0.72,19.0,6.7,12.2,1.09,.297,67.4,.253,.304,.374,.677,1.26,1.27,2856,5.8,95.2,16.3,3.84,38.8,142.4,30,175.1,142.4,128.4,118.2,128.6,-1,134.0,-1,-1,52.1,22.3,4.1,21.4,0.0,0.0,0.0,0.0,66.1,34.7,49.0,87.8,66.0,79.4,45.6
¹®½Â¿ø,17S,1.67,29,1,0,29,6,12,0,0,155.1,98,92,695,181,32,2,25,54,1,11,86,1,5,5.33,5.96,1.51,94.4,85.1,1.67,-1.89,29,155.1,5.33,4.98,3.13,1.59,1.45,12.4,7.8,4.6,0.90,.306,70.1,.294,.359,.474,.833,1.51,1.58,2701,5.4,93.1,17.4,3.89,0.3,143.4,29,155.1,143.4,131.2,116.5,122.3,130.7,136.6,-1,120.0,51.4,17.2,13.4,3.1,14.1,0.6,0.0,0.1,68.4,29.2,46.3,90.7,71.0,83.7,43.7
Â÷¿ìÂù,15»ï,1.62,31,0,0,29,13,7,0,1,173.0,98,92,743,160,36,1,28,74,1,5,194,1,9,4.79,4.83,1.35,103.2,101.8,1.62,-0.03,31,173.0,4.79,10.09,3.85,2.62,1.46,26.1,10.0,16.2,1.55,.303,70.6,.245,.325,.432,.757,1.35,1.38,3069,5.6,99.0,17.7,4.13,26.9,143.8,31,173.0,143.8,128.9,115.0,129.0,134.5,140.5,-1,131.3,53.4,24.2,10.2,1.8,5.7,1.8,0.0,2.9,60.0,29.0,43.4,83.2,57.4,73.9,46.4
Â÷¿ìÂù,15»ï,1.62,31,0,0,29,13,7,0,1,173.0,98,92,743,160,36,1,28,74,1,5,194,1,9,4.79,4.83,1.35,103.2,101.8,1.62,-0.03,31,173.0,4.79,10.09,3.85,2.62,1.46,26.1,10.0,16.2,1.55,.303,70.6,.245,.325,.432,.757,1.35,1.38,3069,5.6,99.0,17.7,4.13,26.9,143.8,31,173.0,143.8,128.9,115.0,129.0,134.5,140.5,-1,131.3,53.4,24.2,10.2,1.8,5.7,1.8,0.0,2.9,60.0,29.0,43.4,83.2,57.4,73.9,46.4
ÃÖ¿øÁØ,22µÎ,1.62,30,0,0,30,8,13,0,0,165.0,80,66,713,183,31,2,21,37,0,7,113,1,2,3.60,4.42,1.33,110.5,88.7,1.62,-0.53,30,165.0,3.60,6.16,2.02,3.05,1.15,15.8,5.2,10.7,0.91,.306,74.4,.279,.321,.428,.749,1.33,1.38,2755,5.5,91.8,16.7,3.86,35.8,138.3,30,165.0,138.3,127.3,111.7,123.1,122.2,-1,-1,-1,51.8,33.4,3.4,6.3,5.2,0.0,0.0,0.0,72.1,32.1,48.8,88.2,70.2,81.3,41.9
Àª·£µå,19K,1.61,28,0,0,28,8,10,0,0,165.0,95,87,726,191,41,1,17,59,1,5,137,0,4,4.75,4.23,1.52,88.4,99.0,1.61,-0.78,28,165.0,4.75,7.47,3.22,2.32,0.93,18.9,8.1,10.7,1.19,.347,69.2,.295,.355,.440,.795,1.52,1.55,2764,5.9,98.7,16.8,3.81,17.2,145.9,28,165.0,145.9,134.8,120.2,133.8,-1,143.6,-1,-1,39.9,15.2,16.3,12.2,0.0,16.5,0.0,0.0,67.0,27.8,45.7,87.0,70.0,81.4,45.8
ÁöÅ©,16K,1.54,30,0,0,29,10,13,0,0,152.0,104,89,705,188,30,1,16,68,0,5,125,1,5,5.27,4.96,1.68,98.3,105.4,1.54,-2.53,30,152.0,5.27,7.40,4.03,1.84,0.95,17.7,9.6,8.1,1.27,.357,65.8,.306,.375,.437,.812,1.68,1.72,2819,5.1,94.0,18.6,4.00,9.5,147.8,30,152.0,147.8,134.7,126.5,136.2,137.0,145.8,-1,135.5,31.7,20.8,11.5,2.5,1.2,31.9,0.0,0.4,64.4,23.9,46.2,85.3,64.4,80.4,55.1
ÀÓÂù±Ô,20L,1.51,27,0,0,26,10,9,0,0,147.2,76,67,641,143,29,2,14,65,0,5,138,0,4,4.08,4.34,1.41,113.3,106.3,1.51,-0.22,27,147.2,4.08,8.41,3.96,2.12,0.85,21.5,10.1,11.4,1.38,.309,70.8,.253,.333,.386,.719,1.41,1.44,2601,5.5,96.3,17.6,4.06,30.6,139.0,27,147.2,139.0,127.9,109.3,125.0,-1,-1,-1,-1,40.5,1.6,23.5,34.3,0.0,0.0,0.0,0.0,62.5,28.5,43.9,85.2,63.2,77.4,45.3
Â÷¿ìÂù,19L,1.44,29,0,0,28,13,8,0,0,168.1,87,77,730,181,30,1,16,59,0,5,124,0,13,4.12,4.31,1.43,99.7,94.1,1.44,0.19,29,168.1,4.12,6.63,3.15,2.10,0.86,17.0,8.1,8.9,1.09,.316,71.0,.276,.337,.399,.736,1.43,1.46,2796,5.8,96.4,16.6,3.83,32.6,140.6,29,168.1,140.6,129.5,110.1,125.0,128.2,-1,-1,-1,43.6,28.9,13.3,0.4,13.8,0.0,0.0,0.0,65.7,31.4,46.5,90.7,65.6,81.2,44.1
Â÷¿ìÂù,19L,1.44,29,0,0,28,13,8,0,0,168.1,87,77,730,181,30,1,16,59,0,5,124,0,13,4.12,4.31,1.43,99.7,94.1,1.44,0.19,29,168.1,4.12,6.63,3.15,2.10,0.86,17.0,8.1,8.9,1.09,.316,71.0,.276,.337,.399,.736,1.43,1.46,2796,5.8,96.4,16.6,3.83,32.6,140.6,29,168.1,140.6,129.5,110.1,125.0,128.2,-1,-1,-1,43.6,28.9,13.3,0.4,13.8,0.0,0.0,0.0,65.7,31.4,46.5,90.7,65.6,81.2,44.1
ÀÌ¿ëÂù,19µÎ,1.35,26,0,0,26,7,10,0,0,148.1,75,67,651,168,28,2,15,45,3,6,102,0,3,4.07,4.31,1.44,101.0,93.9,1.35,0.09,26,148.1,4.07,6.19,2.73,2.27,0.91,15.7,6.9,8.8,0.99,.320,72.7,.285,.339,.416,.755,1.44,1.48,2350,5.7,90.4,15.8,3.61,24.4,142.3,26,148.1,142.3,132.7,120.9,128.7,127.0,142.5,-1,-1,42.6,11.4,15.2,0.8,28.1,2.0,0.0,0.0,68.3,28.0,45.8,90.9,68.0,83.1,44.3
¼­Æúµå,20ÇÑ,1.30,28,1,1,28,10,13,0,0,165.0,107,90,734,203,30,3,19,42,0,13,97,0,10,4.91,4.88,1.49,96.3,98.2,1.30,-1.50,28,165.0,4.91,5.29,2.29,2.31,1.04,13.2,5.7,7.5,0.84,.330,65.3,.304,.354,.443,.797,1.49,1.56,2742,5.9,97.9,16.6,3.74,12.2,142.4,28,165.0,142.4,135.8,128.2,129.7,-1,140.6,-1,-1,11.3,18.6,12.6,24.8,0.0,32.7,0.0,0.0,69.0,31.2,47.2,88.8,71.7,82.3,42.4
ÀÌÀÇ¸®,22K,1.26,29,0,0,28,10,10,0,0,154.0,79,66,671,128,26,4,18,74,0,9,161,0,7,3.86,4.38,1.31,105.7,93.7,1.26,-0.53,29,154.0,3.86,9.41,4.33,2.18,1.05,24.0,11.0,13.0,1.53,.272,71.0,.222,.316,.374,.690,1.31,1.37,2649,5.3,91.3,17.2,3.95,37.1,146.3,29,154.0,146.3,132.2,124.6,134.3,-1,-1,-1,-1,63.6,12.9,14.0,9.5,0.0,0.0,0.0,0.0,64.4,31.3,44.8,86.5,63.6,77.0,40.7
Àª½¼,20L,1.10,25,0,0,25,10,8,0,0,144.2,81,71,628,161,23,2,13,39,0,8,109,1,3,4.42,4.19,1.38,104.8,110.2,1.10,-0.67,25,144.2,4.42,6.78,2.43,2.80,0.81,17.4,6.2,11.1,1.02,.326,66.9,.283,.334,.398,.732,1.38,1.44,2330,5.8,93.2,16.1,3.71,22.2,142.2,25,144.2,142.2,137.6,127.9,128.6,-1,140.6,-1,127.0,11.5,5.2,36.0,7.2,0.0,40.1,0.0,0.0,62.2,29.5,45.2,90.8,65.6,82.2,47.9
ÀÓÁØ¼·,14K,1.09,29,1,1,24,5,11,0,0,130.2,95,88,588,157,25,4,15,67,1,6,54,0,8,6.06,6.17,1.71,86.1,85.4,1.09,-2.56,29,130.2,6.06,3.72,4.62,0.81,1.03,9.2,11.4,-2.2,0.93,.322,64.6,.311,.395,.465,.860,1.71,1.76,2289,4.5,78.9,17.5,3.89,-12.3,138.2,29,130.2,138.2,125.1,117.8,123.6,133.0,130.7,-1,124.1,52.6,18.7,18.8,7.3,1.2,0.2,0.0,1.2,61.2,22.9,40.9,91.6,73.7,86.3,47.0
½ºÅ¹,22µÎ,1.00,29,0,0,29,9,10,0,0,165.0,87,65,722,161,24,2,9,83,0,10,138,0,12,3.55,4.07,1.48,112.2,98.7,1.00,-0.98,29,165.0,3.55,7.53,4.53,1.66,0.49,19.1,11.5,7.6,1.34,.317,69.2,.258,.353,.346,.699,1.48,1.54,2876,5.7,99.2,17.4,3.98,40.3,152.4,29,165.0,152.4,133.5,123.5,132.4,135.1,152.3,-1,-1,53.6,34.2,1.4,9.6,0.3,0.9,0.0,0.0,64.7,28.5,44.6,89.0,62.4,79.6,44.5
µ¥½ºÆÄÀÌ³×,22K,0.99,30,0,0,29,8,12,0,0,163.0,94,82,725,198,27,0,14,48,2,9,123,1,7,4.53,3.96,1.51,90.9,102.9,0.99,-1.34,30,163.0,4.53,6.79,2.65,2.56,0.77,17.0,6.6,10.3,1.05,.355,68.4,.304,.358,.410,.767,1.51,1.56,2839,5.4,94.6,17.4,3.92,19.8,148.7,30,163.0,148.7,137.2,127.6,126.8,-1,147.1,-1,-1,23.0,17.3,16.2,12.8,0.0,30.8,0.0,0.0,67.7,31.1,47.3,89.9,70.6,82.8,44.1
Ã¤º´¿ë,14S,0.89,27,1,0,24,8,12,0,0,130.0,94,92,585,151,32,2,27,49,0,8,87,0,2,6.37,6.53,1.54,80.1,80.6,0.89,-2.53,27,130.0,6.37,6.02,3.39,1.78,1.87,14.9,8.4,6.5,1.05,.302,67.0,.291,.358,.516,.874,1.54,1.60,2376,4.8,88.0,18.3,4.06,-10.3,138.3,27,130.0,138.3,131.7,114.4,130.0,130.7,136.4,113.2,129.0,61.9,21.5,7.5,3.5,2.1,0.9,1.4,1.2,61.1,24.3,42.6,90.1,72.2,85.0,49.6
Ã¤º´¿ë,14S,0.89,27,1,0,24,8,12,0,0,130.0,94,92,585,151,32,2,27,49,0,8,87,0,2,6.37,6.53,1.54,80.1,80.6,0.89,-2.53,27,130.0,6.37,6.02,3.39,1.78,1.87,14.9,8.4,6.5,1.05,.302,67.0,.291,.358,.516,.874,1.54,1.60,2376,4.8,88.0,18.3,4.06,-10.3,138.3,27,130.0,138.3,131.7,114.4,130.0,130.7,136.4,113.2,129.0,61.9,21.5,7.5,3.5,2.1,0.9,1.4,1.2,61.1,24.3,42.6,90.1,72.2,85.0,49.6
À±¼ºÈ¯,19»ï,0.82,27,1,1,27,8,13,0,0,145.1,87,77,643,168,34,3,14,50,0,7,65,0,3,4.77,4.94,1.50,91.0,86.3,0.82,-1.05,27,145.1,4.77,4.03,3.10,1.30,0.87,10.1,7.8,2.3,0.79,.309,67.2,.296,.355,.440,.795,1.50,1.55,2342,5.4,86.7,16.1,3.64,10.2,130.7,27,145.1,130.7,122.4,106.8,121.4,-1,-1,-1,-1,41.1,27.8,18.2,12.8,0.0,0.0,0.0,0.0,65.8,25.3,42.9,93.3,78.6,88.3,43.3
Â÷¿ìÂù,18L,0.81,29,1,0,29,12,10,0,0,170.0,119,115,762,177,36,4,27,79,2,10,136,0,10,6.09,5.83,1.51,82.9,85.5,0.81,-2.45,29,170.0,6.09,7.20,4.18,1.72,1.43,17.8,10.4,7.5,1.27,.296,64.4,.269,.351,.458,.809,1.51,1.57,2956,5.9,101.9,17.4,3.88,-4.4,142.1,29,170.0,142.1,129.3,110.8,128.0,130.1,-1,-1,-1,43.7,29.5,12.1,0.1,14.5,0.0,0.0,0.0,61.8,31.3,44.4,88.0,68.7,80.3,43.0
Â÷¿ìÂù,18L,0.81,29,1,0,29,12,10,0,0,170.0,119,115,762,177,36,4,27,79,2,10,136,0,10,6.09,5.83,1.51,82.9,85.5,0.81,-2.45,29,170.0,6.09,7.20,4.18,1.72,1.43,17.8,10.4,7.5,1.27,.296,64.4,.269,.351,.458,.809,1.51,1.57,2956,5.9,101.9,17.4,3.88,-4.4,142.1,29,170.0,142.1,129.3,110.8,128.0,130.1,-1,-1,-1,43.7,29.5,12.1,0.1,14.5,0.0,0.0,0.0,61.8,31.3,44.4,88.0,68.7,80.3,43.0
ÇÁ¶ûÄÚ,21·Ô,0.76,37,0,0,27,9,8,0,1,150.0,97,90,677,147,31,2,20,75,0,20,124,1,6,5.40,5.31,1.48,84.2,84.1,0.76,-1.27,37,150.0,5.40,7.44,4.50,1.65,1.20,18.3,11.1,7.2,1.33,.291,67.8,.257,.359,.422,.781,1.48,1.61,2728,4.1,73.7,18.2,4.03,6.4,149.4,37,150.0,149.4,134.8,121.7,132.9,137.5,145.4,-1,-1,48.0,17.4,1.3,22.1,0.3,10.8,0.0,0.0,71.3,29.8,47.5,83.5,68.8,78.3,42.8
ÇÁ¶ûÄÚ,21·Ô,0.76,37,0,0,27,9,8,0,1,150.0,97,90,677,147,31,2,20,75,0,20,124,1,6,5.40,5.31,1.48,84.2,84.1,0.76,-1.27,37,150.0,5.40,7.44,4.50,1.65,1.20,18.3,11.1,7.2,1.33,.291,67.8,.257,.359,.422,.781,1.48,1.61,2728,4.1,73.7,18.2,4.03,6.4,149.4,37,150.0,149.4,134.8,121.7,132.9,137.5,145.4,-1,-1,48.0,17.4,1.3,22.1,0.3,10.8,0.0,0.0,71.3,29.8,47.5,83.5,68.8,78.3,42.8
±è¹Î,19K,0.46,27,0,0,26,6,11,0,0,150.2,88,83,674,175,26,4,16,65,0,4,91,2,4,4.96,4.95,1.59,83.5,83.0,0.46,-2.06,27,150.2,4.96,5.44,3.88,1.40,0.96,13.5,9.6,3.9,1.04,.323,70.4,.292,.365,.429,.794,1.59,1.62,2329,5.6,86.3,15.5,3.46,7.4,145.2,27,150.2,145.2,128.6,122.9,132.7,129.1,142.3,-1,-1,31.6,29.2,1.3,12.5,0.5,24.9,0.0,0.0,66.6,28.2,45.2,91.8,68.0,83.6,44.3
ÀÓÂù±Ô,18L,0.40,29,0,0,27,11,11,1,0,146.2,104,94,680,195,32,1,23,47,1,13,125,0,6,5.77,5.37,1.65,87.5,92.6,0.40,-2.78,29,146.2,5.77,7.67,2.88,2.66,1.41,18.4,6.9,11.5,1.17,.370,67.8,.321,.379,.491,.870,1.65,1.74,2640,5.1,91.0,18.0,3.88,2.8,138.7,29,146.2,138.7,128.2,108.4,121.2,-1,135.6,-1,-1,47.4,4.7,20.8,25.4,0.0,1.6,0.0,0.0,63.7,31.0,45.7,85.1,70.0,79.5,45.0
Å¬·ÎÀÌµå,15»ï,0.19,28,0,0,28,11,11,0,0,159.2,103,92,705,190,36,0,24,38,0,12,123,1,3,5.19,4.97,1.43,95.2,99.0,0.19,-2.06,28,159.2,5.19,6.93,2.14,3.24,1.35,17.4,5.4,12.1,1.01,.334,66.4,.297,.346,.466,.811,1.43,1.50,2705,5.7,96.6,16.9,3.84,11.1,141.0,28,159.2,141.0,134.4,121.3,131.6,-1,138.6,-1,135.3,31.7,38.5,8.0,10.8,0.0,5.4,0.0,5.5,62.7,26.9,44.8,89.3,71.7,84.0,50.0
±è¿øÁß,18·Ô,0.02,30,0,0,30,8,7,0,0,145.1,115,112,681,173,37,2,28,77,1,11,137,0,7,6.94,6.25,1.72,75.2,83.7,0.02,-2.69,30,145.1,6.94,8.48,4.77,1.78,1.73,20.1,11.3,8.8,1.47,.342,65.8,.295,.386,.509,.894,1.72,1.80,2717,4.8,90.6,18.7,3.99,-17.6,143.8,30,145.1,143.8,129.0,116.6,126.1,129.6,136.3,-1,-1,46.8,12.3,11.6,1.1,25.7,2.5,0.0,0.0,68.0,26.7,45.6,85.5,60.2,77.5,45.7
ÇÉÅä,20S,-0.28,30,0,0,30,6,15,0,0,162.0,121,111,766,198,35,1,19,90,3,11,112,2,11,6.17,5.51,1.78,78.2,88.3,-0.28,-2.27,30,162.0,6.17,6.22,5.00,1.24,1.06,14.6,11.7,2.9,1.25,.337,65.3,.301,.391,.444,.835,1.78,1.85,2949,5.4,98.3,18.2,3.85,-12.8,149.9,30,162.0,149.9,136.8,125.2,135.2,136.7,148.6,-1,-1,19.3,27.9,6.5,12.8,3.6,30.0,0.0,0.0,68.5,29.4,45.5,84.6,69.1,78.7,41.1
ÅÍ³Ê,19K,-0.53,28,1,0,28,7,13,0,0,153.1,107,94,714,179,34,3,12,58,0,17,121,0,14,5.52,4.31,1.55,76.0,97.2,-0.53,-1.58,28,153.1,5.52,7.10,3.40,2.09,0.70,16.9,8.1,8.8,1.17,.331,62.0,.284,.357,.404,.761,1.55,1.66,2692,5.5,96.1,17.6,3.77,1.8,149.6,28,153.1,149.6,133.7,124.3,-1,139.3,148.0,-1,-1,20.8,18.4,17.2,0.0,9.5,34.0,0.0,0.0,66.6,28.9,45.4,89.7,57.5,78.2,43.8
